Series Name;Series Code;Country Name;Country Code;1990;1991;1992;1993;1994;1995;1996;1997;1998;1999;2000;2001;2002;2003;2004;2005;2006;2007;2008;2009;2010;2011;2012;2013;2014;2015;2016;2017;2018;2019;2020
School enrollment, secondary (% gross);SE.SEC.ENRR;Afghanistan;AFG;11,03954983;17,18361092;..;17,41691017;23,46858025;23,05451965;..;..;..;..;..;14,04041004;..;13,95952988;19,21438026;20,27350998;29,52388954;28,81549072;38,93085098;44,29994965;50,44062042;52,44742966;54,37285995;54,88336945;54,29365158;53,15010834;53,43503952;55,53643036;57,35784912;..;..
School enrollment, secondary (% gross);SE.SEC.ENRR;Albania;ALB;90,84118652;93,70768738;80,46373749;72,51608276;70,49767303;70,05426788;68,99009705;69,05905151;70,32785797;70,40110016;70,31864929;72,48457336;74,53891754;77,75182343;78,98018646;82,97142792;84,32576752;86,21885681;87,83383942;89,3157196;93,68182373;95,47052765;97,60861206;102,9032095;103,3213775;102,4407293;99,17075505;97,57436975;98,82238786;99,01515357;95,92944745
School enrollment, secondary (% gross);SE.SEC.ENRR;Algeria;DZA;60,61587906;59,82027054;60,10124969;59,96519852;60,48006821;59,50765991;58,93128967;58,74243927;..;64,74559784;64,59542084;68,76329803;72,58306885;75,43586731;79,62985992;81,85636902;83,48119354;73,51782227;80,23114014;96,39295959;100,7397766;103,1842728;..;..;..;..;..;..;..;..;..
School enrollment, secondary (% gross);SE.SEC.ENRR;American Samoa;ASM;90,3997879;92,40538788;93,45818329;..;..;..;..;..;..;..;..;..;..;..;..;..;..;..;..;..;..;..;..;..;..;..;..;..;..;..;..
School enrollment, secondary (% gross);SE.SEC.ENRR;Andorra;AND;..;..;..;..;..;..;..;..;..;..;..;..;82,29112244;82,70326233;79,48153687;85,78971863;85,00331879;82,44818878;82,18096161;82,64357758;85,14788818;85,85878754;86,87036133;86,40440369;88,97815704;91,29621887;94,65241241;95,10903931;95,9804306;96,20812988;97,15003967
School enrollment, secondary (% gross);SE.SEC.ENRR;Angola;AGO;9,642069817;10,17319965;11,44104958;..;..;..;..;..;11,89748001;11,77089024;13,36907005;15,00133991;16,14959908;..;..;..;..;..;22,79902077;24,33201981;28,21080388;29,68695178;..;..;..;..;54,41679873;..;..;..;..
School enrollment, secondary (% gross);SE.SEC.ENRR;Antigua and Barbuda;ATG;..;..;98,36755371;..;..;..;..;..;..;..;80,20674896;..;..;..;..;..;..;112,227951;122,2615814;118,6823883;115,4667435;116,1853714;117,228363;..;115,2704391;117,5577011;..;117,2099304;121,6852493;..;..
School enrollment, secondary (% gross);SE.SEC.ENRR;Argentina;ARG;72,95556641;74,13126373;..;..;70,86775208;..;78,49260712;74,47727966;80,65203094;92,29046631;96,21411896;97,62404633;96,99656677;96,04644775;95,45755768;93,63767242;92,40757751;92,18740845;93,18321991;96,4056778;99,07099915;100,8845596;102,7099915;104,540863;106,0389023;107,5048676;109,5983276;110,3778;109,6712418;110,4601517;112,3767319
School enrollment, secondary (% gross);SE.SEC.ENRR;Armenia;ARM;..;92,28215027;89,998703;91,99806213;91,673172;..;82,20404816;80,22122192;68,45253754;71,05474091;86,05120087;86,78330994;..;..;88,65116119;92,05634308;95,26764679;96,81826019;96,53294373;102,9577637;107,7323914;94,87740326;..;86,87219238;86,520401;86,44213867;..;..;83,02494108;86,8260633;88,50802982
School enrollment, secondary (% gross);SE.SEC.ENRR;Aruba;ABW;..;..;..;..;..;..;..;..;..;93,47396851;91,5802002;97,55653381;100,163063;101,9290695;100,9409409;99,20535278;99,86575317;106,2364731;97,06275177;97,99762726;98,22074127;96,63391876;108,9761887;..;..;..;..;..;137,8297882;139,3205872;135,1247253
School enrollment, secondary (% gross);SE.SEC.ENRR;Australia;AUS;..;..;..;..;..;..;..;..;..;..;..;..;..;..;..;..;..;..;..;..;..;..;..;..;..;159,1107635;155,5943909;153,5761261;136,105545;144,0565643;137,4907379
School enrollment, secondary (% gross);SE.SEC.ENRR;Austria;AUT;..;..;..;..;..;..;..;..;..;..;..;98,86086273;98,95127106;99,39745331;99,2856369;100,1994324;100,4166794;100,1025696;100,1261292;100,5940933;100,2639694;99,67295837;100,1087265;101,1732101;101,3048096;101,4115829;100,2279892;100,3378983;100,6925964;101,5436325;101,6905594
School enrollment, secondary (% gross);SE.SEC.ENRR;Azerbaijan;AZE;..;..;..;..;..;..;..;..;..;..;..;..;..;..;..;..;..;..;..;..;83,08531815;82,91762054;82,76227492;83,13765536;83,43866002;84,80985864;86,58569358;89,26251647;108,4887811;107,8639605;91,3655135
School enrollment, secondary (% gross);SE.SEC.ENRR;Bahamas, The;BHS;84,75727081;86,01300049;95,65399933;97,27044678;93,23574066;92,83078766;..;90,33654022;..;83,6602478;..;..;93,46595764;..;85,45514679;86,31876373;86,5019989;89,35809326;89,31788635;89,02105713;91,08863709;89,2416369;92,18076285;84,65954078;91,62184048;76,04403388;85,06863274;92,61825851;80,88089293;78,56673438;..
School enrollment, secondary (% gross);SE.SEC.ENRR;Bahrain;BHR;82,76528931;94,77388;94,14408112;91,75646973;90,8866806;90,103508;89,68965912;88,27416229;89,32608795;88,5614624;91,4384079;92,74672699;85,68901825;81,4129715;80,49240112;81,27992249;83,5526886;..;89,02088928;90,12888336;90,19694148;93,29389909;98,47329148;107,6104726;104,2038469;100,3039148;100,5836493;100,9234129;100,7018874;102,1282819;..
School enrollment, secondary (% gross);SE.SEC.ENRR;Bangladesh;BGD;19,88935089;..;..;..;..;..;..;..;41,92987823;45,06745911;46,72100067;48,46097183;49,61994934;49,52590179;46,30842972;45,16950989;45,70079041;46,46588135;44,5729599;48,12557983;49,50311068;49,75154965;51,6718483;55,62143322;..;59,42174149;64,16645461;62,34086392;65,27148888;65,11854135;66,43295485
School enrollment, secondary (% gross);SE.SEC.ENRR;Barbados;BRB;88,80831909;..;..;..;..;..;..;..;..;109,6710968;107,5647507;108,2598267;107,7987823;107,1896362;108,0614929;108,7760315;107,8781281;109,7406693;110,9190063;110,2822418;107,6825409;107,3000717;..;..;108,1863098;108,1960297;108,3107376;109,8042374;108,2167511;106,0863266;104,3189926
School enrollment, secondary (% gross);SE.SEC.ENRR;Belarus;BLR;97,58364868;93,49874115;92,65151978;91,49121094;91,32147217;92,46649933;93,9261322;93,12956238;84,60178375;..;..;..;..;..;..;..;..;..;115,7135925;113,7015381;111,0289985;108,9898674;107,6577864;104,5231241;103,5103512;102,895731;102,9690059;102,4808505;101,596011;100,4387442;100,5757104
School enrollment, secondary (% gross);SE.SEC.ENRR;Belgium;BEL;..;..;..;..;..;..;..;..;..;..;..;155,946167;157,6487732;158,8792267;151,638092;157,343399;158,6851044;159,4398956;160,468811;159,6615448;160,6604767;159,3493042;160,1105347;161,8458862;162,4219818;164,0798187;160,68927;158,6702881;156,5097656;156,635376;151,7275085
School enrollment, secondary (% gross);SE.SEC.ENRR;Belize;BLZ;..;60,46767044;..;..;66,75341034;66,83187866;..;..;..;64,77555084;67,70301819;69,29019928;..;75,23545074;76,64250946;75,26563263;76,09268188;75,48921967;75,40952301;75,11128998;75,62230373;76,1272789;78,80953972;80,66943037;80,35830337;81,29361995;87,73137263;86,3238932;86,28335614;87,45265967;86,18865962
School enrollment, secondary (% gross);SE.SEC.ENRR;Benin;BEN;..;..;..;..;..;..;..;..;..;19,25670052;20,00053978;21,71043968;23,58466911;24,90011978;26,70414925;..;..;..;..;..;..;45,7294693;..;52,03784943;52,59526825;55,13330841;55,29459;..;..;..;43,98587036
School enrollment, secondary (% gross);SE.SEC.ENRR;Bermuda;BMU;..;..;..;..;..;..;..;..;..;..;..;85,55368042;84,89864349;85,63027954;87,59803009;86,63024139;82,01125336;..;..;..;89,59642792;88,05544281;86,2392807;85,06520081;85,48454285;86,80705261;..;..;..;..;..
School enrollment, secondary (% gross);SE.SEC.ENRR;Bhutan;BTN;..;..;..;..;..;..;..;..;23,79524994;27,13748932;30,51857948;33,86843109;..;..;..;43,88491058;46,43040848;50,22494125;53,50408936;58,55374146;62,93544006;66,98612213;72,13021851;76,68079376;84,14041901;85,23130798;85,67661285;86,56004333;87,57228707;90,61855755;89,77114289
School enrollment, secondary (% gross);SE.SEC.ENRR;Bolivia;BOL;..;..;..;..;..;..;..;..;69,68549347;75,25482941;72,75763702;75,78627014;80,63069916;83,46972656;86,3809967;87,42555237;86,59062958;86,04959869;85,36837769;83,75238037;87,76018764;85,30040795;87,01085122;88,76505571;89,45648198;90,6139032;90,61528528;89,40002128;88,72189996;88,82350466;88,86723698
School enrollment, secondary (% gross);SE.SEC.ENRR;Bosnia and Herzegovina;BIH;..;..;..;..;..;..;..;..;..;..;..;..;..;..;..;..;..;80,98944855;85,2279129;87,00093079;85,51837158;87,72799683;90,78530884;92,29839325;90,2868576;85,71617889;83,16995239;83,66808319;85,64099121;85,54013062;85,55911255
School enrollment, secondary (% gross);SE.SEC.ENRR;Botswana;BWA;43,07833099;51,95709991;51,17724991;55,13637924;53,13013077;58,882061;..;..;74,40514374;75,07862091;76,19682312;75,30020142;75,87957001;76,56487274;78,39881897;79,56362152;81,69483948;82,48670959;77,80651093;..;..;..;..;..;..;..;..;..;..;..;..
School enrollment, secondary (% gross);SE.SEC.ENRR;Brazil;BRA;..;..;..;..;..;..;..;..;..;..;..;..;..;..;..;..;..;..;..;..;..;..;94,58294678;104,0862198;102,7803116;101,0862274;102,6929016;102,9894867;104,8184814;103,6675568;103,8826599
School enrollment, secondary (% gross);SE.SEC.ENRR;British Virgin Islands;VGB;88,58300018;91,23377228;88,04347992;..;92,7053833;..;..;..;..;98,30838776;96,06349182;95,94595337;93,76103973;94,28405762;97,43151093;106,8104401;110,118042;107,3184433;..;104,8596115;105,8976974;98,26264691;97,99498747;96,7221135;96,87957094;99,21683798;98,64209505;88,77952756;65,91774562;71,86340015;73,95017794
School enrollment, secondary (% gross);SE.SEC.ENRR;Brunei Darussalam;BRN;..;77,10701752;78,61264801;80,16481781;79,5582428;..;..;..;80,89105988;83,04225922;82,85835266;84,98230743;86,76892853;87,80413055;90,8928299;93,68730927;97,55925751;98,34085846;98,77236176;100,7200394;101,0116882;102,1111221;105,2297592;102,3926926;96,28486633;92,81616974;90,09861755;88,68147278;89,18180847;88,29103088;86,68578103
School enrollment, secondary (% gross);SE.SEC.ENRR;Bulgaria;BGR;..;..;..;..;..;..;..;..;..;..;..;80,94407654;83,981987;88,11878204;90,53427124;91,36676788;92,41201019;93,15415955;92,38407135;92,52137756;94,18192291;96,43612671;95,39035034;100,7858124;104,9421997;103,8893433;103,0039215;103,4610214;104,0439224;102,6569366;101,3549423
School enrollment, secondary (% gross);SE.SEC.ENRR;Burkina Faso;BFA;6,788619995;7,12624979;7,331989765;7,737080097;8,05136013;..;..;..;..;9,299440384;9,855899811;10,03964043;..;11,2848196;12,36769962;13,37232971;14,15445995;15,27937031;17,99473953;19,43535042;21,17802019;23,17643719;25,2399681;27,60088807;29,56687444;32,89313436;34,93362808;37,16275108;39,62784675;40,07704603;39,25400848
School enrollment, secondary (% gross);SE.SEC.ENRR;Burundi;BDI;4,603919983;5,194039822;5,529369831;6,100450039;..;..;..;..;..;..;..;9,419989586;9,927399635;10,25634956;11,80930996;12,97706985;14,33810997;15,33611965;..;20,89340019;23,76470947;26,79438019;29,57328987;34,21245073;40,26412587;43,93519298;47,47153428;48,22434873;46,33039417;41,83524175;44,91517174
School enrollment, secondary (% gross);SE.SEC.ENRR;Cabo Verde;CPV;18,44227982;..;..;..;25,66823959;..;..;..;..;..;65,05513763;63,20785141;66,39998627;67,32740784;66,94004059;70,26360321;81,58348846;80,47104645;82,10888672;81,22569275;83,54713301;86,70001533;89,96340826;94,75260925;93,60746648;96,60122863;98,25284581;99,46278226;94,89720154;95,29022856;98,30930237
School enrollment, secondary (% gross);SE.SEC.ENRR;Cambodia;KHM;..;38,55567169;..;..;..;..;..;..;16,92086983;16,58275032;18,12844086;20,17657089;23,89594078;27,83922005;30,97751045;..;39,14353943;41,73656082;44,25049973;..;..;..;..;..;..;..;..;48,94244587;50,19909972;49,73445189;51,81969833
School enrollment, secondary (% gross);SE.SEC.ENRR;Cameroon;CMR;25,88389969;27,38904953;28,28877068;..;27,16192055;26,18549919;..;24,52286911;25,41883087;26,94887924;28,46063995;33,58327866;29,3418808;30,93568039;27,50962067;28,00790024;24,40801048;33,44971848;37,84880829;41,77436066;..;49,87324611;53,10208872;54,90127849;59,12535636;60,49608836;61,40370451;..;..;..;..
School enrollment, secondary (% gross);SE.SEC.ENRR;Canada;CAN;..;..;..;..;..;..;..;..;..;..;101,9927368;..;..;..;..;100,2748566;100,4493103;101,2722473;102,2784195;102,97995;102,5102615;102,8239517;110,8738327;111,407608;111,6815567;111,7372818;111,6073303;111,9745178;111,8336792;110,980072;109,6280594
School enrollment, secondary (% gross);SE.SEC.ENRR;Cayman Islands;CYM;..;..;..;..;..;..;..;..;..;90,18868256;94,20755768;86,39556122;81,68179321;..;87,43930054;88,30519104;88,03523254;89,9581604;94,58740234;..;..;92,34708393;89,14686825;88,64171683;..;..;..;..;89,01408451;88,12251282;84,09091187
School enrollment, secondary (% gross);SE.SEC.ENRR;Central African Republic;CAF;12,12384033;12,27812004;10,22224998;..;..;..;..;..;..;..;..;10,97984982;10,99623966;..;..;..;..;..;..;11,99551964;..;15,91895962;15,61975956;..;..;..;13,94655037;15,8074398;..;..;..
School enrollment, secondary (% gross);SE.SEC.ENRR;Chad;TCD;6,075349808;..;..;..;7,096189976;8,123240471;8,405929565;8,732910156;9,623829842;10,21395016;10,96428013;12,65340042;13,43682003;14,82954979;15,21780968;15,53209972;15,86979008;18,29099083;20,7904892;22,75427055;22,36927181;22,82248176;22,10879034;24,53260355;22,84857941;22,24542488;22,53049085;20,58556785;20,00211807;20,19287747;..
School enrollment, secondary (% gross);SE.SEC.ENRR;Channel Islands;CHI;..;..;..;..;..;..;..;..;..;..;..;..;..;..;..;..;..;..;..;..;..;..;..;..;..;..;..;..;..;..;..
School enrollment, secondary (% gross);SE.SEC.ENRR;Chile;CHL;..;..;..;..;..;..;..;..;..;..;86,90135956;..;89,42163849;90,62095642;91,0151062;92,00456238;91,99732971;91,55079651;91,54200745;89,85975647;90,99951172;90,98262024;89,50314331;99,15207672;99,86544037;100,9216766;101,4881363;102,2948227;103,1730499;104,4057693;103,6916885
School enrollment, secondary (% gross);SE.SEC.ENRR;China;CHN;39,00247955;41,56816101;44,44699097;46,75951004;47,15721893;48,96437836;52,30776978;54,73603821;..;58,63658142;59,49248123;62,20983887;62,83789825;64,05413055;..;..;74,05756378;78,1607132;82,67925262;88,28749847;90,78291733;92,03294252;92,2603063;..;..;..;..;..;..;..;..
School enrollment, secondary (% gross);SE.SEC.ENRR;Colombia;COL;..;..;..;..;..;..;..;..;..;..;76,40447998;..;78,15519714;..;82,95046234;86,96164703;90,28766632;93,01280975;94,23155212;98,27008057;99,95436859;101,2058182;97,2326889;98,10150146;97,36328888;97,67411804;98,41562653;99,21932983;100,3733368;101,9893494;101,4994507
School enrollment, secondary (% gross);SE.SEC.ENRR;Comoros;COM;..;..;22,8796196;..;24,68370056;..;..;..;..;31,92237091;..;..;35,0426712;38,92200089;42,55347061;..;..;..;..;..;..;..;..;58,99858084;61,50787743;..;..;56,95021448;61,70146854;..;..
School enrollment, secondary (% gross);SE.SEC.ENRR;Congo, Dem. Rep.;COD;..;..;22,24809074;23,88454056;25,39368057;27,32513046;..;..;..;..;..;..;..;..;..;..;..;33,61856079;35,83763885;37,39384079;37,03879166;38,94992065;38,80123138;38,5140419;41,1783905;42,18046188;..;..;..;..;..
School enrollment, secondary (% gross);SE.SEC.ENRR;Congo, Rep.;COG;47,12284088;46,0549202;46,99164963;..;49,6101799;..;48,13708115;..;..;..;..;..;36,97161865;38,03369141;42,68132019;..;..;..;..;..;..;..;50,52032089;..;..;..;..;..;..;..;..
School enrollment, secondary (% gross);SE.SEC.ENRR;Costa Rica;CRI;..;..;..;..;..;..;..;..;..;..;..;..;65,63790894;..;77,78919983;79,19320679;85,95723724;86,97624969;88,26229858;94,30343628;97,50673676;99,7109375;103,2673035;108,5341263;114,2898636;115,720871;118,2037125;121,5149612;125,9643478;132,8493347;132,6786804
School enrollment, secondary (% gross);SE.SEC.ENRR;Cote d'Ivoire;CIV;..;..;..;..;..;..;..;..;..;21,0010891;..;..;..;..;..;..;..;..;..;..;..;..;..;..;40,4629922;43,98656473;46,24250699;49,08635558;51,07261451;53,79193062;55,43803237
School enrollment, secondary (% gross);SE.SEC.ENRR;Croatia;HRV;..;..;..;..;..;..;..;..;..;..;..;94,77519989;95,02172852;95,49564362;..;99,07688904;99,03450775;99,01252747;98,99922943;98,93942261;98,89552307;99,26560211;99,34638977;101,800499;102,528923;102,9813309;103,7194366;104,2144165;104,960083;105,1359787;105,5854187
School enrollment, secondary (% gross);SE.SEC.ENRR;Cuba;CUB;92,19299316;92,74002838;91,18412781;88,08187866;83,07038116;79,0626297;82,66752625;82,2095108;..;79,64533234;81,88301086;84,36824799;88,5996933;91,78713226;91,12374115;92,37484741;93,15399933;93,1459198;93,16905212;92,1000824;92,40794094;92,22151843;90,92685663;91,33100394;95,98679902;96,09290991;97,80056411;98,89163814;99,58059265;100,4678099;101,4879906
School enrollment, secondary (% gross);SE.SEC.ENRR;Curacao;CUW;..;..;..;..;..;..;..;..;..;..;..;..;..;..;..;..;..;..;..;..;..;..;..;86,30663897;..;..;..;..;..;..;129,470257
School enrollment, secondary (% gross);SE.SEC.ENRR;Cyprus;CYP;..;..;..;..;..;..;..;..;..;..;..;93,44506073;96,91520691;97,55622864;96,29353333;94,00523376;93,14047241;92,91394043;92,36916351;91,92617798;91,44080353;92,82562256;95,29985046;97,97264099;97,83583832;98,95780945;98,83094025;99,51335907;99,42658997;101,0174713;101,9358368
School enrollment, secondary (% gross);SE.SEC.ENRR;Czechia;CZE;..;..;..;..;..;..;..;..;..;..;..;94,58513641;95,28974915;96,04711151;95,47457123;96,04924011;97,4597168;97,71527863;98,08132935;97,90630341;98,65441895;99,44673157;99,77496338;106,8750687;106,1185074;104,8105164;103,0150833;102,2046967;101,5148926;100,2155685;99,32926178
School enrollment, secondary (% gross);SE.SEC.ENRR;Denmark;DNK;..;..;..;..;..;..;..;..;..;..;..;129,8765106;125,1056671;124,6194687;121,3480911;122,0801468;118,1734772;117,9941406;117,2729721;117,1318893;118,9440536;121,8165207;124,5771866;131,6923065;132,451355;133,7954712;131,4412994;130,3244324;129,8495636;129,3111267;129,9951935
School enrollment, secondary (% gross);SE.SEC.ENRR;Djibouti;DJI;..;..;..;..;..;..;..;..;..;..;..;..;..;..;..;..;..;..;..;..;..;..;..;..;..;..;..;..;..;..;..
School enrollment, secondary (% gross);SE.SEC.ENRR;Dominica;DMA;77,90376282;..;..;..;..;..;..;..;..;101,5968094;106,8920898;109,1175232;112,2250519;117,7977676;114,8188019;114,3469009;113,309082;112,8185806;110,8600006;111,7929611;108,6558533;109,1778488;102,7834008;..;93,3871994;95,94548035;..;..;..;105,625543;105,1815796
School enrollment, secondary (% gross);SE.SEC.ENRR;Dominican Republic;DOM;..;..;..;..;41,04246902;42,80022049;..;..;53,2979393;55,08295059;59,44007874;..;67,81627655;..;68,88931274;70,52304077;..;79,92154694;78,75715637;80,71199799;77,97182754;77,42722002;77,98610639;79,1714978;80,11454425;79,93788964;80,09447287;79,94068011;80,21593;81,85623604;80,04441192
School enrollment, secondary (% gross);SE.SEC.ENRR;Ecuador;ECU;..;..;..;..;..;..;..;..;..;..;55,96126938;56,28702164;57,24361038;56,81657028;57,40961075;59,8716011;61,9531517;63,44718933;..;85,97103882;91,55838776;95,69297028;98,55480194;100,6592102;102,5903397;100,7917862;98,08037649;96,16376518;94,97481009;93,83716371;93,98494913
School enrollment, secondary (% gross);SE.SEC.ENRR;Egypt, Arab Rep.;EGY;68,71743011;69,06115723;64,19284821;65,01557159;70,19332123;68,16459656;66,10498047;70,2326889;..;76,09236145;77,83394623;79,38973999;78,81741333;78,50660706;77,78417969;..;..;..;..;63,21549988;64,72963715;72,54875946;73,01824951;73,89544662;73,37234211;..;75,75240867;76,43376531;76,98161894;77,90939788;79,65447501
School enrollment, secondary (% gross);SE.SEC.ENRR;El Salvador;SLV;..;38,06335831;39,80606842;41,68027878;..;..;..;..;51,07915878;52,26631927;54,83993149;57,17686081;60,69784164;64,14383698;67,83882904;67,62876129;67,4043808;67,32131195;66,12458038;66,70648193;68,14482181;69,74462177;70,83097815;72,24528601;71,38583491;70,72582538;68,29660956;66,1074424;66,93257137;64,84865372;65,18371913
School enrollment, secondary (% gross);SE.SEC.ENRR;Equatorial Guinea;GNQ;..;..;..;24,98218918;22,80224991;..;..;..;..;22,36046982;21,75351906;18,69938087;18,11887932;..;..;17,75947952;..;..;..;..;..;..;..;..;..;..;..;..;..;..;..
School enrollment, secondary (% gross);SE.SEC.ENRR;Eritrea;ERI;..;..;..;24,26783943;25,56747055;27,76111984;28,96194077;32,2417984;..;40,18925858;45,2635498;45,81570816;46,53025818;47,33216858;47,40523911;51,60013962;53,11925888;50,1338501;51,39458084;51,8130188;51,56085968;51,8398819;52,70793152;51,34619141;50,66537857;46,17150116;..;44,91106033;46,17237854;..;..
School enrollment, secondary (% gross);SE.SEC.ENRR;Estonia;EST;..;..;..;..;..;..;..;..;..;..;..;96,21543121;99,08287048;99,07743835;101,4452286;104,2218475;104,0280304;105,0911789;105,3950119;107,4255524;110,8886795;112,2874069;112,5360031;110,5217133;107,6858215;108,188797;111,596199;113,2497864;112,759697;112,2872009;112,5277023
School enrollment, secondary (% gross);SE.SEC.ENRR;Eswatini;SWZ;..;..;47,70111847;44,70795822;45,29330826;46,79227066;46,77521133;..;45,33530045;44,86027908;43,30387115;43,77725983;44,73820877;44,46905899;48,34600067;50,50278854;54,49879074;58,3698616;..;59,57096863;64,59770203;67,2353363;69,20192719;70,80808258;73,70523834;76,28727722;82,02393577;..;..;..;..
School enrollment, secondary (% gross);SE.SEC.ENRR;Ethiopia;ETH;..;13,87069988;11,9716301;10,65190983;10,32775021;10,48402977;11,07069016;..;..;13,29576015;14,45131969;17,34301949;19,19392014;19,56677055;21,47705078;23,85487938;27,47756958;30,2513504;31,31093025;31,64901924;33,04785919;34,44689941;36,21934891;..;..;33,9114222;..;..;..;..;..
School enrollment, secondary (% gross);SE.SEC.ENRR;Faroe Islands;FRO;..;..;..;..;..;..;..;..;..;..;..;..;..;..;..;..;..;..;..;..;..;..;..;..;..;..;..;..;..;..;..
School enrollment, secondary (% gross);SE.SEC.ENRR;Fiji;FJI;..;75,36274719;79,44255829;..;..;..;..;..;76,72686768;76,08055878;75,65727997;74,71563721;76,08367157;77,76663208;80,56143188;..;79,78717041;79,28601074;79,27690125;79,33911896;..;83,93049622;82,1471405;..;88,18496869;87,83676982;89,18202295;..;92,08067599;91,87605885;91,54163361
School enrollment, secondary (% gross);SE.SEC.ENRR;Finland;FIN;..;..;..;..;..;..;..;..;..;..;..;128,1748657;129,4878387;132,2354126;110,7826691;111,3261032;110,2770386;109,0429001;108,2983017;107,7022934;108,6093903;109,2489319;109,962677;145,6534424;147,4133148;150,8192139;152,4714355;153,5837097;153,6514282;144,613205;143,1229095
School enrollment, secondary (% gross);SE.SEC.ENRR;France;FRA;..;..;..;..;..;..;..;..;..;..;..;104,5711136;103,1863403;102,7721024;102,2200165;106,7816772;106,9275208;106,6935272;106,4328384;106,2392273;106,424942;106,6106415;105,8135834;104,3766022;103,425827;103,3960419;103,3080978;103,7560806;103,7733307;104,0768967;104,5665665
School enrollment, secondary (% gross);SE.SEC.ENRR;French Polynesia;PYF;67,66153717;69,58204651;72,32266998;74,77266693;..;..;..;..;..;..;..;..;..;..;..;..;..;..;..;..;..;..;..;..;..;..;..;..;..;..;..
School enrollment, secondary (% gross);SE.SEC.ENRR;Gabon;GAB;..;..;..;..;36,28139877;38,62969971;45,63800812;46,0411911;..;44,34645844;..;48,61751938;49,4348793;..;..;..;..;..;..;..;..;..;..;..;..;..;..;..;..;70,26399664;..
School enrollment, secondary (% gross);SE.SEC.ENRR;Gambia, The;GMB;15,00765991;15,44402027;15,79977989;18,06421089;18,28330994;20,55196953;20,09126091;..;..;..;..;..;..;..;..;..;..;..;45,29129028;46,21446991;45,53514099;..;..;..;..;..;..;..;..;..;..
School enrollment, secondary (% gross);SE.SEC.ENRR;Georgia;GEO;..;97,0041275;91,40209961;80,87248993;79,51628113;77,14051819;77,94515991;78,70201111;..;81,54521179;83,44235992;86,53639984;89,99198914;94,03491211;90,69139099;95,79354095;98,63510132;107,9337769;110,878418;106,6533279;..;..;..;107,0388323;105,7570889;106,7641555;107,7799018;109,5232037;111,616827;111,9008539;108,0669948
School enrollment, secondary (% gross);SE.SEC.ENRR;Germany;DEU;..;..;..;..;..;..;..;..;..;..;..;99,55480194;100,8536072;101,2267838;101,3777771;101,4364929;102,4863968;102,0097733;103,2407303;103,3142929;104,8913574;105,3465118;104,4422379;103,9353333;103,3038712;102,1924133;100,8523102;101,0956421;100,8373032;101,1525574;101,3078003
School enrollment, secondary (% gross);SE.SEC.ENRR;Ghana;GHA;33,99819183;..;..;..;..;33,25682831;..;..;..;32,4872818;32,57759094;30,94338989;32,26757813;33,65478897;36,14455032;38,12768936;39,8474884;43,75952148;46,05958176;47,92771912;..;55,60692978;56,73260178;68,19914246;63,97456998;67,04865665;67,26441013;66,63594502;68,2222558;71,1877006;74,01021863
School enrollment, secondary (% gross);SE.SEC.ENRR;Gibraltar;GIB;..;..;..;..;..;..;..;..;..;97,64790344;106,0562363;111,2706375;..;..;..;..;..;..;111,7490005;109,7350998;..;..;..;..;..;..;132,3251418;132,4550898;..;100,9831467;100,5002289
School enrollment, secondary (% gross);SE.SEC.ENRR;Greece;GRC;..;..;..;..;..;..;..;..;..;..;97,09967041;102,0476532;98,18379974;94,34111786;92,8870163;96,8381424;96,81659698;95,97881317;..;..;107,8190536;105,9560471;106,2905502;107,4143066;103,4685898;103,3777008;103,9520721;104,2287903;103,8916931;106,5278397;103,6158295
School enrollment, secondary (% gross);SE.SEC.ENRR;Greenland;GRL;..;..;..;..;..;..;..;..;..;..;..;..;..;..;..;..;..;..;..;..;..;..;..;..;..;..;..;..;..;..;..
School enrollment, secondary (% gross);SE.SEC.ENRR;Grenada;GRD;91,972229;98,24137878;101,7583466;106,5852585;..;..;..;..;..;..;..;..;110,1156921;114,0182571;107,162468;101,8587723;..;116,3059921;116,6744614;107,9988327;117,012619;108,3438287;..;106,7838126;106,9938516;105,4026619;105,2242256;104,4331481;110,3794103;..;104,2986692
School enrollment, secondary (% gross);SE.SEC.ENRR;Guam;GUM;..;..;..;..;..;..;..;..;..;..;..;..;..;..;..;..;..;..;..;..;..;..;..;..;..;..;..;..;..;..;..
School enrollment, secondary (% gross);SE.SEC.ENRR;Guatemala;GTM;..;23,9654808;..;25,46443939;26,38747025;26,48564911;25,85479927;25,64619064;25,87759018;27,41853905;30,98065948;32,85749817;35,5038414;..;38,61787033;40,5942688;42,43397141;44,24298859;45,23133087;48,26572037;52,18832002;52,76896096;53,11784933;53,32331583;52,96680237;54,88641882;54,42525562;54,04447732;54,07976471;52,5563884;51,79569648
School enrollment, secondary (% gross);SE.SEC.ENRR;Guinea;GIN;9,757909775;10,22900009;..;11,98383045;12,65063953;..;13,66555977;..;..;13,9581604;..;18,49859047;21,22476959;22,65740013;24,6455307;29,02732086;32,29708862;..;33,23809052;..;..;36,74647903;36,87668991;..;38,55487823;..;..;..;..;..;..
School enrollment, secondary (% gross);SE.SEC.ENRR;Guinea-Bissau;GNB;..;..;..;..;..;..;..;..;..;..;17,92892075;..;..;..;..;32,12730026;34,39664078;..;..;..;..;..;..;..;..;..;..;..;..;..;..
School enrollment, secondary (% gross);SE.SEC.ENRR;Guyana;GUY;..;..;..;..;..;..;..;..;..;81,31450653;..;94,46791077;..;83,45947266;..;86,21153259;..;85,37798309;86,24141693;89,87500763;93,28646088;101,134758;102,622467;..;..;..;..;..;..;..;86,94001007
School enrollment, secondary (% gross);SE.SEC.ENRR;Haiti;HTI;..;..;..;..;..;..;..;..;..;..;..;..;..;..;..;..;..;..;..;..;..;..;..;..;..;..;..;..;..;..;..
School enrollment, secondary (% gross);SE.SEC.ENRR;Honduras;HND;..;32,10488129;..;31,07452965;..;..;..;..;..;..;..;..;..;..;..;..;57,63871002;59,51185989;59,50156021;..;66,16819;65,90184784;64,53279114;61,92071152;49,47668218;50,35110851;51,04664868;51,01203918;..;64,35241699;58,42689994
School enrollment, secondary (% gross);SE.SEC.ENRR;Hong Kong SAR, China;HKG;..;..;..;..;..;..;..;..;..;..;..;78,56965637;79,97003937;80,17410278;81,73477936;83,00366211;83,14646149;84,06655884;85,70259094;86,5672226;87,90539606;86,97820261;108,2574478;102,7793911;105,5552171;107,3877829;107,7507246;106,7897098;108,1639802;105,0689655;100,449692
School enrollment, secondary (% gross);SE.SEC.ENRR;Hungary;HUN;..;..;..;..;..;..;..;..;..;..;..;98,42545319;99,8345108;101,8508606;95,94435883;97,37332916;97,7556076;97,85636139;98,38033295;99,74337769;101,9976883;103,0810699;101,2340469;107,2175369;106,0269699;104,6330185;103,9664993;104,1520004;103,6120834;102,4386826;101,9406281
School enrollment, secondary (% gross);SE.SEC.ENRR;Iceland;ISL;98,709198;100,3063812;101,7751694;102,7110596;102,0951767;101,6634216;102,1185989;..;110,2611771;108,4908829;109,0215073;110,139267;113,5195618;116,7927322;108,1349182;108,7529831;107,523468;106,3270035;106,2299423;106,4782486;108,8190384;109,7068634;113,5176697;122,0335693;120,6325684;119,8073578;117,1227722;115,7411423;114,6494064;112,0343399;110,4873199
School enrollment, secondary (% gross);SE.SEC.ENRR;India;IND;..;..;..;44,84952164;45,16872025;44,95521164;44,88278961;45,35525894;..;42,90119171;47,17343903;46,82458115;48,80693817;51,42557144;53,24737167;55,9314003;56,78594971;59,14783859;62,21192169;61,36032104;64,94759369;67,12516785;69,80895996;69,47712708;74,88870239;74,61136627;75,93728638;74,67437744;76,00257874;75,8716507;77,62715484
School enrollment, secondary (% gross);SE.SEC.ENRR;Indonesia;IDN;46,74105835;45,0060997;44,19884109;43,81518936;44,73419189;47,54019928;50,30279922;53,98022842;54,27188873;54,59709167;55,59762955;56,22732162;57,64659882;60,72446823;62,97586823;61,63827896;64,64221191;71,85450745;70,16844177;74,50359344;75,65190887;78,1330719;80,09268188;81,88969748;83,55599493;87,84232079;87,81917917;90,94553912;92,81207396;94,94670449;96,93457791
School enrollment, secondary (% gross);SE.SEC.ENRR;Iran, Islamic Rep.;IRN;55,93455124;57,20066833;59,55997086;63,36965942;67,139328;68,55864716;..;71,27848053;..;74,46338654;74,98709106;74,54734039;74,7104187;74,55164337;74,53752136;74,438591;75,94719696;75,6576004;78,84980774;80,3835907;79,02646637;81,29447937;82,70593262;81,58455658;82,58693695;82,73052216;83,32756805;82,75643921;..;..;85,19139862
School enrollment, secondary (% gross);SE.SEC.ENRR;Iraq;IRQ;..;..;..;42,41461945;..;..;38,77507019;..;..;34,19055176;36,87025833;36,74530029;..;40,41062927;45,14722061;..;..;50,57424164;..;..;..;..;..;..;..;..;..;..;..;..;..
School enrollment, secondary (% gross);SE.SEC.ENRR;Ireland;IRL;..;..;..;..;..;..;..;..;..;..;..;105,2172318;106,364212;107,8529968;109,4098816;109,7843018;109,6034393;111,2344971;111,2939682;114,392662;118,0969086;115,8337326;117,7521896;..;116,7390976;116,9898682;117,028717;125,0271683;154,1633453;137,0756836;133,4970245
School enrollment, secondary (% gross);SE.SEC.ENRR;Isle of Man;IMN;..;..;..;..;..;..;..;..;..;..;..;..;..;..;..;..;..;..;..;..;..;..;..;..;..;..;..;..;..;..;..
School enrollment, secondary (% gross);SE.SEC.ENRR;Israel;ISR;..;..;..;..;..;..;..;..;..;..;..;99,28801727;100,0503998;98,99302673;97,78523254;97,9443512;97,9347229;97,38995361;96,55332184;96,0253067;97,80081177;98,08841705;98,07214355;98,76661682;98,52570343;98,46497345;99,27545166;98,08429718;98,32727814;97,88523865;98,09584045
School enrollment, secondary (% gross);SE.SEC.ENRR;Italy;ITA;..;..;..;..;..;..;..;..;..;..;..;97,28370667;98,81388092;99,52631378;99,07501984;99,20562744;99,53385162;99,83773804;100,2914581;100,1754913;101,4011612;101,5964279;100,4498367;100,9731216;101,121727;101,2280884;100,7429581;101,0100174;101,526413;101,7417831;101,8361282
School enrollment, secondary (% gross);SE.SEC.ENRR;Jamaica;JAM;..;69,04665375;..;64,53366852;..;..;..;..;..;80,97834778;80,04814911;79,91149139;80,49839783;80,86839294;85,65721893;84,6938324;..;86,40058136;88,05020905;90,17427826;89,49394542;91,53739166;..;85,40178705;86,3705618;85,3548254;87,93982486;84,23694323;83,7616154;85,76184997;81,53378166
School enrollment, secondary (% gross);SE.SEC.ENRR;Japan;JPN;..;..;..;..;..;..;..;..;..;..;..;..;..;..;..;..;..;..;..;..;..;..;..;101,0494385;101,0364227;101,7245178;101,2969284;100,2607498;100,4822006;100,6602707;101,3405685
School enrollment, secondary (% gross);SE.SEC.ENRR;Jordan;JOR;75,01347351;74,85134888;77,94757843;78,97882843;81,12106323;..;85,07805634;..;..;86,10929871;84,59529877;..;83,63677216;83,76437378;83,66114807;84,39366913;86,77455139;87,71517181;88,44667816;..;87,36444092;87,59304047;87,23175812;87,30279197;88,87030341;..;..;88,87582889;89,79290681;89,51047748;90,19929929
School enrollment, secondary (% gross);SE.SEC.ENRR;Kazakhstan;KAZ;96,61134338;94,22918701;92,43109131;90,13214111;88,24398041;..;..;87,27469635;86,01384735;89,54782104;89,07672882;..;..;..;..;..;98,44328308;..;..;..;98,52374926;98,8350533;99,01801874;97,65003126;98,52238889;98,21206016;97,04630033;96,50617093;96,11562127;96,53713551;91,94902063
School enrollment, secondary (% gross);SE.SEC.ENRR;Kenya;KEN;..;..;..;..;..;..;..;..;..;40,33224869;40,96178818;41,68571091;41,86101913;43,58113098;47,117939;47,26359177;48,81311035;50,87136078;57,0353508;57,74071121;..;..;..;..;..;72,57508607;74,46985949;..;..;..;..
School enrollment, secondary (% gross);SE.SEC.ENRR;Kiribati;KIR;35,20515823;35,00463867;38,43600082;..;39,71440887;39,65890884;43,12108994;..;45,44459152;56,62805176;62,10387039;76,28932953;81,59494781;87,80110931;87,655159;85,8441391;84,0447464;83,70220184;82,93119049;..;..;..;..;..;..;..;..;..;..;..;..
School enrollment, secondary (% gross);SE.SEC.ENRR;Korea, Dem. People's Rep.;PRK;..;..;..;..;..;..;..;..;..;..;..;..;..;..;..;..;..;..;..;..;..;..;..;..;..;94,25154114;..;..;..;..;..
School enrollment, secondary (% gross);SE.SEC.ENRR;Korea, Rep.;KOR;..;..;..;..;..;..;..;..;..;..;98,09378052;97,60823822;97,26629639;96,96601868;96,99919891;97,2146225;96,77854156;96,71138;96,34893036;96,88542938;97,2930603;97,52941895;97,36741638;97,82875061;98,58067322;98,59319305;98,71795654;99,10558319;99,31865692;98,38130188;97,08882141
School enrollment, secondary (% gross);SE.SEC.ENRR;Kosovo;XKX;..;..;..;..;..;..;..;..;..;..;..;..;..;..;..;..;..;..;..;..;..;..;..;..;..;..;..;..;..;..;..
School enrollment, secondary (% gross);SE.SEC.ENRR;Kuwait;KWT;71,53772736;..;59,51028061;59,36410904;72,89450836;91,03327179;91,2636795;86,83271027;85,05226135;85,51703644;85,79931641;87,06944275;..;96,06272125;100,6515121;108,5592499;101,0139389;101,3083878;99,55774689;99,46000671;99,41663459;98,14176941;98,69523121;95,5615387;93,06600189;95,3934021;..;..;..;..;..
School enrollment, secondary (% gross);SE.SEC.ENRR;Kyrgyz Republic;KGZ;101,8413391;100,0259628;98,3147583;94,30609894;88,89929199;85,1260376;74,64988708;..;..;81,23573303;82,43415833;83,59171295;82,73856354;87,89547729;86,57218933;85,43483734;85,57324219;84,96111298;..;86,71808624;87,7688036;87,52208928;87,28706629;87,72403511;89,41640905;88,95917241;90,48649982;89,9187539;91,14458539;91,66861536;92,16553056
School enrollment, secondary (% gross);SE.SEC.ENRR;Lao PDR;LAO;22,89002991;..;19,91814041;21,63919067;23,43987083;24,01070976;24,14814949;25,89933014;28,14274979;31,14473915;33,26707077;35,18965149;37,94588089;40,68080139;42,50785828;42,98630142;42,2330513;43,0343399;44,12688065;45,69301987;47,35943985;46,30309074;49,03501892;52,67593594;58,02473831;62,29679366;64,7630027;66,04110735;66,15285706;64,98638546;62,44930581
School enrollment, secondary (% gross);SE.SEC.ENRR;Latvia;LVA;..;..;..;..;..;..;..;..;..;..;..;92,85581207;95,29273224;96,53778839;99,29524231;102,6863174;103,9654007;103,9212418;104,8975677;99,42040253;102,8221588;105,5657883;106,3448029;114,7768097;113,7069321;112,3566513;111,2968063;110,7232513;109,1557007;107,6024628;105,9562836
School enrollment, secondary (% gross);SE.SEC.ENRR;Lebanon;LBN;..;..;51,56818008;..;52,12768173;54,75687027;55,92296982;56,76023865;62,45502853;61,64891815;62,57704926;60,70582962;62,55519104;64,8559494;66,01799011;66,42398071;67,2385788;68,04348755;68,8993988;71,09172821;70,56243579;73,82861485;72,21227746;71,22311897;59,2622758;58,10750649;59,46409163;63,14007038;64,2435657;65,27676439;65,89697761
School enrollment, secondary (% gross);SE.SEC.ENRR;Lesotho;LSO;24,43474007;23,78944016;24,89693069;25,58449936;27,58807945;28,8052597;28,37957954;29,2610302;28,74349976;28,84004974;28,75768089;30,27477074;31,23294067;32,0320015;34,44887161;36,76844025;38,4086113;41,55625153;44,7508812;49,1937294;54,24269867;56,95064163;59,07720184;57,75907135;58,25756294;59,39850963;56,83869934;59,35865155;..;..;..
School enrollment, secondary (% gross);SE.SEC.ENRR;Liberia;LBR;..;..;..;..;..;..;..;..;..;29,87723923;34,13977814;..;..;..;..;..;..;..;..;..;..;43,64794922;..;..;36,76956177;36,37284851;..;..;..;..;37,74168015
School enrollment, secondary (% gross);SE.SEC.ENRR;Libya;LBY;..;..;..;..;..;..;..;..;..;..;..;..;110,586441;106,7556381;..;93,68515778;97,60951233;..;..;..;..;..;..;..;..;..;..;..;..;..;..
School enrollment, secondary (% gross);SE.SEC.ENRR;Liechtenstein;LIE;..;..;..;..;..;..;..;..;..;..;..;..;..;111,7404709;110,7614212;107,0893021;107,0110703;106,1286011;107,5661163;105,7556381;108,8792801;111,4565735;110,3738632;..;115,5578308;116,1234436;116,0283737;117,0943298;112,0101624;119,2096634;120,228447
School enrollment, secondary (% gross);SE.SEC.ENRR;Lithuania;LTU;..;..;..;..;..;..;..;..;..;..;..;99,62364197;102,2917099;105,0201721;103,0095367;104,4972382;107,0048523;106,9292908;106,1087799;104,7558823;105,0682678;106,0081635;106,1735077;108,8118362;107,7464294;106,9559021;106,3977814;107,2233505;106,8667374;106,8358612;106,8108215
School enrollment, secondary (% gross);SE.SEC.ENRR;Luxembourg;LUX;..;..;..;..;..;..;..;..;..;..;..;95,6563797;95,44345856;94,90431976;94,19193268;93,79012299;94,22083282;94,90796661;95,75830078;..;100,0800018;100,4209671;100,60952;103,4694138;104,5969772;104,3791885;106,0851974;106,7843475;106,9831238;106,9465103;107,078949
School enrollment, secondary (% gross);SE.SEC.ENRR;Macao SAR, China;MAC;..;..;..;..;..;..;..;..;..;..;..;82,36327362;85,1063385;88,14659119;92,50552368;92,03614807;92,98312378;94,03018951;89,81719208;89,30671692;91,16103797;94,93012343;97,42834547;98,60755814;101,7587302;100,966443;99,46366782;97,42198582;92,71080139;90,66898955;88,57718121
School enrollment, secondary (% gross);SE.SEC.ENRR;Madagascar;MDG;17,17465019;..;..;..;..;..;..;..;..;..;..;..;..;..;..;20,32851028;22,88318062;25,21120071;27,46335983;28,5682106;..;34,1198082;35,39201511;..;35,81487023;36,1207695;36,07651138;34,77094864;34,62660957;32,8161749;..
School enrollment, secondary (% gross);SE.SEC.ENRR;Malawi;MWI;17,39632988;17,5205307;19,55485916;17,81648064;15,68986988;23,38809967;24,15060997;..;31,65950012;36,41677856;31,09893036;32,22481155;31,32537079;..;28,91453934;28,7130394;30,56421089;30,26260948;32,69173813;33,35152817;33,66198149;34,73715992;34,8210141;37,84729585;39,54356595;39,72914618;38,18436813;39,6154223;38,83243978;35,52126725;41,45650751
School enrollment, secondary (% gross);SE.SEC.ENRR;Malaysia;MYS;65,0170517;65,70646667;66,50427246;65,54717255;65,94619751;66,17302704;67,9570694;68,14685059;79,08828735;77,54311371;76,48282623;75,61873627;75,00115967;80,08899689;80,56777191;76,25375366;75,8026123;74,25193787;74,83595276;75,02427673;77,2140274;77,59253693;81,23719788;80,93836212;83,28363037;81,51158142;79,82839203;78,8863678;74,4872818;75,32298279;73,24594116
School enrollment, secondary (% gross);SE.SEC.ENRR;Maldives;MDV;..;..;..;..;50,53105927;53,05366135;56,30627823;65,21031952;34,71562958;40,28924179;51,44091034;61,02774811;61,35110092;67,97006989;67,80943298;..;..;..;..;..;70,04681365;72,84349276;71,97600426;68,38726932;72,91108941;73,44138021;70,01408405;69,74191832;68,57278203;68,08576013;69,89820156
School enrollment, secondary (% gross);SE.SEC.ENRR;Mali;MLI;6,285419941;6,693520069;7,596889973;7,646389961;8,701350212;9,738809586;10,24792957;11,10603046;12,03719997;13,56567001;15,65291977;..;..;19,76795959;21,50152016;23,26519012;25,1828804;27,69043922;31,03812981;34,03554153;36,71892062;38,74921372;..;39,27581214;41,23491147;38,98922386;40,09999486;38,54858057;37,9832691;..;..
School enrollment, secondary (% gross);SE.SEC.ENRR;Malta;MLT;..;..;..;..;..;..;..;..;..;..;..;90,7193222;91,15746307;93,11074066;104,4188614;101,8063278;97,52716064;100,5222092;101,4230499;..;105,1138535;94,1126709;95,51699829;96,43079376;95,61917114;93,43237305;92,22486115;99,5694809;100,3960724;100,8163681;100,1127777
School enrollment, secondary (% gross);SE.SEC.ENRR;Marshall Islands;MHL;..;..;..;..;..;..;..;..;..;72,5843811;..;..;78,42241669;73,57769775;77,72902679;73,76245117;79,17710876;82,46044922;84,75166321;83,86528015;..;..;..;..;..;83,16559927;84,96832999;..;..;92,64589594;92,96925048
School enrollment, secondary (% gross);SE.SEC.ENRR;Mauritania;MRT;13,63988972;13,35534954;13,7204504;14,27173996;14,74407959;15,32505989;15,83100033;15,6942997;16,46385002;17,44297981;18,04767036;20,53693008;20,58893013;21,5392704;22,11368942;22,46294975;23,17588997;..;18,58032036;20,00699043;20,42440033;22,7523098;27,06389644;30,26204191;30,69882329;31,19630754;32,18758704;31,75656968;35,52934256;37,57937099;36,02770301
School enrollment, secondary (% gross);SE.SEC.ENRR;Mauritius;MUS;52,75954056;..;54,96355057;..;..;..;62,28340149;64,69213104;69,09773254;72,42272186;74,39247894;80,29692841;82,4172287;85,57759094;86,34352875;88,63310242;86,69441986;86,7215271;86,2219162;86,65670013;86,90731049;88,72229004;92,10943897;93,79828644;97,07535326;93,96819847;94,43625456;92,5403345;91,41713586;93,13549687;89,50199984
School enrollment, secondary (% gross);SE.SEC.ENRR;Mexico;MEX;..;..;..;..;..;..;..;..;..;..;71,11958313;72,88320923;75,14829254;78,55419159;79,78270721;80,63053894;82,70139313;84,08870697;86,0763092;85,94232178;87,27292633;88,38008881;90,69361877;93,26230621;97,31968689;100,9822693;102,8713684;105,1101837;105,964653;105,5156097;102,581543
School enrollment, secondary (% gross);SE.SEC.ENRR;Micronesia, Fed. Sts.;FSM;..;..;..;..;..;..;..;..;..;..;..;..;..;..;85,37294769;87,25202179;..;..;..;..;..;..;..;..;..;..;..;..;..;..;..
School enrollment, secondary (% gross);SE.SEC.ENRR;Moldova;MDA;..;..;..;..;..;..;..;..;..;..;..;..;..;..;..;..;..;..;..;..;87,98113499;87,71937269;88,19586867;88,33604943;104,382597;105,0697056;106,0471549;94,35363671;95,91591923;95,65076385;96,17333747
School enrollment, secondary (% gross);SE.SEC.ENRR;Monaco;MCO;..;139,1804047;145,223587;..;150,7978668;151,8577576;154,7099457;154,0021362;154,1556396;150,0780792;149,8209686;..;..;..;..;..;..;..;147,5048828;..;..;..;..;..;..;..;153,5863037;..;..;..;..
School enrollment, secondary (% gross);SE.SEC.ENRR;Mongolia;MNG;88,44078064;84,02607727;75,91281891;66,22705078;64,90357971;61,45067978;61,95492935;59,68880081;60,1162796;58,81111145;62,43672943;69,46977234;74,54823303;82,26824951;88,47280121;92,10288239;92,30528259;..;..;98,50753021;91,1776886;..;..;..;..;..;..;..;91,29497252;88,74634715;95,38263707
School enrollment, secondary (% gross);SE.SEC.ENRR;Montenegro;MNE;..;..;..;..;..;..;..;..;..;..;..;..;..;91,945961;90,45458984;91,03733063;92,12423706;92,52252197;93,03117371;95,6065979;98,99609375;93,17089081;92,61306;..;..;91,86341095;90,55751801;90,60222626;91,44426727;91,84033203;92,35787201
School enrollment, secondary (% gross);SE.SEC.ENRR;Morocco;MAR;36,75524902;35,11557007;35,80828094;36,33452988;37,46414948;37,76686096;38,16819;38,46892929;37,51914978;37,99451065;39,69248962;41,31565857;43,09690857;44,65143967;47,3964386;49,15478897;52,22581863;55,34585953;57,66656113;60,74182129;63,07579832;66,02552848;68,73587263;..;..;..;..;78,21572495;78,47091959;79,3440513;80,30879965
School enrollment, secondary (% gross);SE.SEC.ENRR;Mozambique;MOZ;7,793640137;7,753739834;7,392310143;7,427999973;7,324230194;7,303579807;..;..;..;5,069280148;5,94095993;6,6665802;8,230759621;..;10,55980015;12,95458984;15,21630001;17,91374016;20,17200089;22,98901939;25,12088385;26,01575788;25,64461651;34,44390869;33,95458984;34,52856064;..;37,24119186;..;..;..
School enrollment, secondary (% gross);SE.SEC.ENRR;Myanmar;MMR;21,20809937;23,57117081;25,6039505;25,81632996;27,0055809;30,46154976;..;..;..;35,37253952;39,31932068;40,30384064;41,84844971;42,17958069;45,02827835;45,69324875;47,54376984;47,37081146;49,97901154;49,9621315;50,86639023;..;..;..;57,11785126;..;67,7588501;72,34574127;77,01914978;..;..
School enrollment, secondary (% gross);SE.SEC.ENRR;Namibia;NAM;38,92856979;44,78916931;50,7220192;54,50019836;58,87950134;58,5626297;58,38235092;59,93095016;59,61719894;61,3067894;63,71934128;67,48326111;66,1111908;65,2594223;64,53314209;63,16004944;62,1227417;62,75772095;..;..;68,09984018;72,45411772;74,24655746;76,14248;76,75956466;78,26080123;79,26060972;79,53346064;78,8626899;79,01250168;82,88729925
School enrollment, secondary (% gross);SE.SEC.ENRR;Nauru;NRU;..;..;..;..;..;..;..;..;..;..;46,81753922;45,78834152;41,97801971;47,2527504;36,41577148;42,55318832;57,96585846;50,51319885;61,95899963;..;..;..;83,11345673;..;83,91837311;..;78,66771698;..;..;86,11309814;80,24337769
School enrollment, secondary (% gross);SE.SEC.ENRR;Nepal;NPL;32,03369141;34,04669952;36,64199829;37,94718933;38,36444855;40,19496155;43,17908859;..;..;33,14902115;34,42015076;37,3896904;41,05562973;42,07490921;..;45,09820175;42,51816177;42,09703064;48,01890945;49,26259995;55,58929062;58,9935112;63,14147949;65,49353027;67,53182983;68,61312103;71,77449799;74,41133118;..;80,28005219;85,31015778
School enrollment, secondary (% gross);SE.SEC.ENRR;Netherlands;NLD;..;..;..;..;..;..;..;..;..;..;..;123,4433899;120,7548523;119,9093399;116,9095306;117,5538101;118,4276199;119,8423386;121,5116272;122,7460098;124,5695267;129,868103;111,4482498;..;..;114,1379166;112,994278;115,2252274;114,5003204;114,8041687;136,2841644
School enrollment, secondary (% gross);SE.SEC.ENRR;New Caledonia;NCL;76,59220123;81,00872803;..;..;..;..;..;94,02590179;..;..;..;..;..;..;..;..;..;..;..;..;..;..;..;..;..;..;..;..;..;..;..
School enrollment, secondary (% gross);SE.SEC.ENRR;New Zealand;NZL;..;..;..;..;..;..;..;..;..;..;112,153717;112,6252975;115,5155563;117,4276733;115,3799133;119,5636978;117,9065475;119,5684433;118,0542374;125,8078613;119,1289673;118,2567215;116,8264771;115,650528;116,0843124;114,8899918;113,687912;112,9433136;112,4110794;120,2663193;116,8931885
School enrollment, secondary (% gross);SE.SEC.ENRR;Nicaragua;NIC;35,61919022;41,57831955;41,78392029;42,49605179;43,30857086;45,11563873;..;..;46,72938156;51,89648056;53,4050293;56,36523819;60,67646027;..;65,43473053;68,57472229;69,09233856;72,17549896;70,77409363;..;71,3924408;..;..;..;..;..;..;..;..;..;..
School enrollment, secondary (% gross);SE.SEC.ENRR;Niger;NER;5,596990108;6,088359833;5,899230003;5,929729939;..;..;6,193240166;6,328569889;6,221439838;6,404210091;6,300630093;6,231369972;6,281209946;6,866789818;8,350799561;9,263239861;10,67870045;10,30140018;10,65929985;11,19993973;12,80632025;13,66432138;14,80378672;15,95965103;17,84595055;19,69220125;22,67003951;23,76115057;..;..;..
School enrollment, secondary (% gross);SE.SEC.ENRR;Nigeria;NGA;23,9810009;..;..;..;..;..;..;..;..;22,83241081;23,96134949;26,39998055;28,87380981;..;33,94812012;33,7729187;33,12628174;30,42320061;33,61127853;37,13814163;41,78379822;43,02399063;44,45579147;52,79673004;42,78215027;43,82469177;39,30680847;..;40,48852921;..;44,12208939
School enrollment, secondary (% gross);SE.SEC.ENRR;North Macedonia;MKD;..;..;..;71,74459076;74,5968399;76,49169922;77,9553299;78,68340302;80,05664825;81,38287354;83,57688904;84,29496765;83,96540833;83,65753174;83,24684143;83,68003845;..;84,0014801;84,03224945;84,13559723;85,42838287;..;85,83001709;83,8025589;83,69497681;84,98362732;..;84,6865387;83,35339355;82,53128052;82,44167328
School enrollment, secondary (% gross);SE.SEC.ENRR;Northern Mariana Islands;MNP;..;..;..;..;..;..;..;..;..;..;..;..;..;..;..;..;..;..;..;..;..;..;..;..;..;..;..;..;..;..;..
School enrollment, secondary (% gross);SE.SEC.ENRR;Norway;NOR;..;..;..;..;..;..;..;..;..;..;..;114,5681992;113,255867;113,3820038;114,0473328;111,5627518;111,5276413;111,6399231;111,5180588;111,0684128;112,978569;113,1698837;112,1765366;114,5153809;113,4482269;115,2101212;116,6112671;117,3014603;117,7147064;119,4213409;119,9415436
School enrollment, secondary (% gross);SE.SEC.ENRR;Oman;OMN;39,17985916;44,429039;49,49116135;55,26229858;60,85683823;63,7277298;66,05638885;67,00324249;69,26891327;71,65795135;77,55446625;80,00025177;82,36863708;83,6306076;..;87,41912079;89,80003357;92,08844757;93,22167969;98,98513031;..;114,4516208;110,7503506;109,1684881;..;101,9326992;102,3049021;101,6780198;103,9515819;102,141469;94,54324609
School enrollment, secondary (% gross);SE.SEC.ENRR;Pakistan;PAK;20,20581055;23,09132957;25,6504097;..;..;..;..;..;..;..;..;..;..;19,83852005;21,76342964;22,6038208;27,24632072;29,06343079;29,17680931;29,0589695;29,29629007;29,72714605;30,63002014;31,54481913;32,65734273;34,67414665;35,86432467;35,32242487;37,14660633;38,75115528;..
School enrollment, secondary (% gross);SE.SEC.ENRR;Palau;PLW;..;..;..;..;..;..;..;..;..;105,7309418;91,43818665;..;..;102,6672668;98,14334869;97,34368896;100,8899689;101,115242;..;..;..;..;..;106,1587296;108,3783784;..;..;..;..;..;160,8000031
School enrollment, secondary (% gross);SE.SEC.ENRR;Panama;PAN;60,43666077;60,88031006;61,42327881;62,622509;62,66038132;64,0424881;64,41950226;..;..;63,91022873;64,24990845;66,29953766;67,65699005;..;67,36534882;67,52742004;67,34541321;67,69760895;68,75682831;70,29387665;71,91369758;71,74122011;..;76,40412903;76,04062653;76,59468079;82,60144806;76,59989929;..;..;..
School enrollment, secondary (% gross);SE.SEC.ENRR;Papua New Guinea;PNG;12,86744022;13,0853796;12,85453987;13,84202957;14,32835007;13,10142994;..;..;19,92778969;..;..;..;..;..;..;..;..;..;..;..;..;..;37,0596555;..;..;..;..;..;44,55011212;46,26684565;44,55281992
School enrollment, secondary (% gross);SE.SEC.ENRR;Paraguay;PRY;32,93817139;33,29771042;35,85744095;39,93991089;41,69540024;44,49488068;46,97792053;50,46279144;54,63405991;61,23526001;64,40962982;68,19168091;69,8106308;67,52102661;68,88598633;68,87928009;68,66956329;69,01116943;70,53325653;71,52040863;73,16511006;75,88269806;82,80020905;..;..;..;81,86510465;..;..;..;85,66693092
School enrollment, secondary (% gross);SE.SEC.ENRR;Peru;PER;66,37941742;65,84841919;64,68467712;64,4021225;67,76136017;67,9743576;69,56759644;69,77854919;77,45574188;78,55151367;80,84287262;83,80873871;85,14640045;78,48062134;81,80645752;82,84992981;85,8261795;88,90292358;90,26528168;93,82800293;96,13037109;97,52314758;96,43811035;101,5838699;99,87338257;100,2515717;102,1501236;101,0445786;99,85800934;99,52971649;100,1387024
School enrollment, secondary (% gross);SE.SEC.ENRR;Philippines;PHL;70,71349335;70,34191895;71,49498749;72,89256287;73,66943359;74,84313202;73,71588898;72,87532043;70,50797272;69,94692993;..;70,57862854;74,91383362;76,82196808;78,54086304;78,30638123;76,95732117;77,07099915;78,0089035;80,17627716;..;..;..;..;81,56403143;82,00852548;82,78375743;80,92276001;79,36224698;85,3821866;87,94198795
School enrollment, secondary (% gross);SE.SEC.ENRR;Poland;POL;..;..;..;..;..;..;..;..;..;..;..;101,6939621;103,719223;106,2503586;98,4879837;101,0859528;100,5975571;100,348259;99,95082092;99,64875793;100,2077789;100,6178513;100,5648575;111,5169601;110,0310211;109,4147873;109,1172485;109,4592209;110,5419388;109,7533035;112,5762634
School enrollment, secondary (% gross);SE.SEC.ENRR;Portugal;PRT;..;..;..;..;..;..;..;..;..;..;..;108,4984512;109,7944717;108,3112335;95,08312988;96,43460083;95,6554184;99,30796051;101,6095581;105,0830994;107,5233307;108,8641815;110,2533722;118,9329605;114,9012909;116,8045883;115,4884186;117,2353287;118,2883377;119,519371;118,682869
School enrollment, secondary (% gross);SE.SEC.ENRR;Puerto Rico (US);PRI;..;..;..;..;..;..;..;..;..;..;..;..;..;..;..;..;..;..;..;88,59609985;87,09931946;84,07644653;86,54071808;89,43058777;91,33558655;99,05863953;86,82189178;..;88,87747955;..;..
School enrollment, secondary (% gross);SE.SEC.ENRR;Qatar;QAT;74,70440674;76,39726257;78,09481049;87,20548248;89,76947021;92,11846924;92,74506378;..;89,4655838;87,35246277;..;87,84134674;87,48439026;88,70198059;90,05525208;90,05448151;91,35224915;91,99156952;97,62886047;97,20149994;98,15017872;96,46768676;98,61398083;97,36637788;97,88453113;101,9468307;97,44147524;101,9896941;102,1549014;105,1625675;105,8693284
School enrollment, secondary (% gross);SE.SEC.ENRR;Romania;ROU;..;..;..;..;..;..;..;..;..;..;..;83,49938202;84,9503479;84,22077179;82,5846405;81,05947876;85,68206024;84,26036072;94,53840637;103,3932419;102,4679031;100,7359009;97,45037079;95,69889832;93,53399658;91,33770752;88,7795105;88,38432312;86,55771637;86,40740967;86,41687775
School enrollment, secondary (% gross);SE.SEC.ENRR;Russian Federation;RUS;95,50787354;93,56065369;93,19197083;92,3931427;90,79415131;90,56186676;91,0116806;90,84668732;91,62299347;91,00675964;..;..;..;94,63665009;88,13098907;86,7092514;86,48547363;86,55275726;87,04863739;89,87693024;..;94,57589049;95,53848268;95,9993762;95,60563227;96,3292563;95,8434945;97,52062983;99,18310465;100,4717447;91,5812884
School enrollment, secondary (% gross);SE.SEC.ENRR;Rwanda;RWA;16,06497955;15,8817997;14,64865971;..;..;..;..;..;..;7,502580166;10,23894024;11,15075016;12,10466003;13,58493996;15,32839966;16,48310089;18,19928932;20,38500023;22,10143089;26,55381966;32,40290833;36,62100983;39,66276932;30,20928649;41,82186549;39,40990429;38,50623858;39,6912129;41,17969406;44,07790325;..
School enrollment, secondary (% gross);SE.SEC.ENRR;Samoa;WSM;..;..;..;..;76,01422882;78,03205872;76,31732178;79,39586639;78,72846222;79,04627228;77,38791656;78,02005005;78,08717346;81,31552124;81,9052887;81,77513885;81,53917694;80,48652649;..;82,59118652;84,03529679;82,7630729;82,3821349;..;87,4514118;87,56021073;87,35322869;..;..;..;..
School enrollment, secondary (% gross);SE.SEC.ENRR;San Marino;SMR;48,76467896;48,82279968;49,67824936;51,07976913;51,37654877;..;54,4752388;55,77912903;..;..;47,66040039;..;..;..;..;..;..;..;62,96295929;63,96321106;66,61197662;65,92533875;64,13983154;..;..;..;..;..;60,32846715;61,0058309;61,86046512
School enrollment, secondary (% gross);SE.SEC.ENRR;Sao Tome and Principe;STP;..;..;..;..;..;..;..;..;..;..;..;..;..;36,13935852;39,67609024;43,00291824;..;46,47451019;43,61494827;49,21318054;50,27885818;48,83702087;56,33864975;63,3046608;74,28154755;82,40091705;83,87911987;90,443573;..;..;..
School enrollment, secondary (% gross);SE.SEC.ENRR;Saudi Arabia;SAU;..;..;..;..;..;..;..;..;..;..;..;..;..;..;..;87,14816284;..;91,67581177;..;99,75537872;..;..;..;93,01689052;98,84960915;102,9792006;105,4915502;106,244904;106,3762116;104,0482578;104,4110274
School enrollment, secondary (% gross);SE.SEC.ENRR;Senegal;SEN;14,35743999;..;14,7115202;..;..;..;14,06694031;13,86859989;13,80543995;14,60243988;15,20925045;15,55177975;16,92816925;..;19,96574974;22,24824905;24,22088051;..;30,7020607;..;37,12670135;42,63689832;46,41586771;49,07765949;50,54693138;50,53805161;..;..;..;44,46245526;44,78662978
School enrollment, secondary (% gross);SE.SEC.ENRR;Serbia;SRB;..;..;..;..;..;..;..;..;..;..;91,18826294;89,75031281;88,70987701;88,29438019;88,1681366;88,59040833;88,95658112;89,4373703;90,46381378;91,48445892;91,42762756;93,63105011;94,1696167;94,40921021;94,34441376;96,66960907;96,23473358;95,49508667;95,08724213;94,47219086;92,24117279
School enrollment, secondary (% gross);SE.SEC.ENRR;Seychelles;SYC;..;116,7184296;118,8608398;118,0334167;119,7883072;115,1198807;117,1193237;..;102,8575134;75,94740295;86,01703644;78,57366943;74,4553299;77,5321579;77,40618134;84,53659821;77,85436249;84,63121033;81,15511322;80,97061157;76,17223358;74,4660804;84,50092316;84,69742639;89,3980344;92,09116951;101,712798;112,3112128;108,2740601;100,8258775;102,1881838
School enrollment, secondary (% gross);SE.SEC.ENRR;Sierra Leone;SLE;16,62029076;15,78281021;..;..;..;..;..;..;..;..;..;25,54314995;..;..;..;..;..;..;..;..;..;40,42356873;44,55229187;39,22378922;..;39,8463707;42,1386795;41,53121948;43,11927032;61,19807816;62,56068039
School enrollment, secondary (% gross);SE.SEC.ENRR;Singapore;SGP;..;..;..;..;..;..;..;..;..;..;..;..;..;..;..;..;..;..;..;..;..;..;..;..;..;..;107,7458686;107,4728739;105,7452509;104,6219879;103,1158392
School enrollment, secondary (% gross);SE.SEC.ENRR;Sint Maarten (Dutch part);SXM;..;..;..;..;..;..;..;..;..;..;..;..;..;..;..;..;..;..;..;..;..;..;118,2936508;..;111,3711002;..;..;..;..;..;..
School enrollment, secondary (% gross);SE.SEC.ENRR;Slovak Republic;SVK;..;..;..;..;..;..;..;..;..;..;..;87,46304321;88,57756805;91,03340149;93,79518127;95,3483963;95,53829956;95,32893372;94,75462341;94,39501953;94,77934265;94,99941254;95,049263;93,52967072;92,75710297;91,89572906;91,45343781;91,25359344;91,78153992;91,32469177;90,81334686
School enrollment, secondary (% gross);SE.SEC.ENRR;Slovenia;SVN;..;..;..;..;..;..;..;..;..;..;..;108,7546921;109,7615433;111,0625076;98,89685822;98,43148804;97,23245239;99,23648834;99,93359375;98,96755981;98,53781891;98,47821808;98,11373138;110,5589294;110,1827469;109,65522;115,2169418;114,5955963;113,5561676;111,3695679;110,359169
School enrollment, secondary (% gross);SE.SEC.ENRR;Solomon Islands;SLB;13,32734013;14,79561043;15,27427959;16,58543968;17,30701065;..;..;..;..;24,02005959;19,17962074;23,10486031;30,14936066;..;..;30,67259979;35,70896149;36,73656082;..;..;50,95280838;49,32389069;49,04985046;..;..;..;..;..;..;..;..
School enrollment, secondary (% gross);SE.SEC.ENRR;Somalia, Fed. Rep.;SOM;..;..;..;..;..;..;..;..;..;..;..;..;..;..;..;..;..;6,014689922;..;..;..;..;..;..;..;..;..;..;..;..;..
School enrollment, secondary (% gross);SE.SEC.ENRR;South Africa;ZAF;67,80695343;72,50685883;..;..;86,9962616;..;..;..;82,7563324;79,1032486;74,31938171;73,9493103;74,44502258;75,53578186;78,29666138;80,42034149;83,78334808;85,53662872;84,04734802;85,96054077;86,59220456;88,94422913;92,16251373;..;101,1632004;104,622813;103,8559875;105,6231689;101,3996129;103,7891203;103,5011781
School enrollment, secondary (% gross);SE.SEC.ENRR;South Sudan;SSD;..;..;..;..;..;..;..;..;..;..;..;..;..;..;..;..;..;..;..;..;..;10,80231953;..;..;..;11,53481007;..;..;..;..;..
School enrollment, secondary (% gross);SE.SEC.ENRR;Spain;ESP;..;..;..;..;..;..;..;..;..;..;..;115,3313293;115,2862701;114,4527893;115,0845032;117,5709305;117,2736664;117,4886932;117,2105865;117,3571167;122,6225128;126,1527863;127,7867126;126,8144989;125,5377579;125,1707993;123,7365417;121,1416016;120,1090775;119,3791275;118,3381882
School enrollment, secondary (% gross);SE.SEC.ENRR;Sri Lanka;LKA;83,86235809;83,573349;84,84628296;85,14349365;86,98377228;87,14774323;..;..;..;..;..;..;..;..;..;..;..;..;..;..;92,34970856;94,10864258;94,67446899;95,14426362;93,4926278;94,4516929;93,90372213;94,04186609;95,91073317;..;..
School enrollment, secondary (% gross);SE.SEC.ENRR;St. Kitts and Nevis;KNA;..;..;86,17917633;85,35971069;..;..;..;..;..;..;105,4167633;94,49781799;92,01389313;89,57376862;86,94586945;90,24054718;..;110,0511093;109,9000015;108,5409317;109,9234695;109,1163025;92,21691895;121,3779068;113,1245117;115,4854202;116,914032;119,6037847;116,9235512;118,920615;111,1952066
School enrollment, secondary (% gross);SE.SEC.ENRR;St. Lucia;LCA;46,74935913;50,02431107;57,07447052;62,32546997;..;..;..;66,60433197;..;66,44792175;70,99552155;73,29535675;73,8339386;75,60250854;74,99417877;79,0845108;83,66990662;88,35092926;94,53923035;96,8615799;97,03156281;96,60208893;93,34812927;91,48603821;90,74855042;90,94976044;89,67221832;88,90263367;88,71501923;88,34613037;88,73763275
School enrollment, secondary (% gross);SE.SEC.ENRR;St. Martin (French part);MAF;..;..;..;..;..;..;..;..;..;..;..;..;..;..;..;..;..;..;..;..;..;..;..;..;..;..;..;..;..;..;..
School enrollment, secondary (% gross);SE.SEC.ENRR;St. Vincent and the Grenadines;VCT;..;56,30318069;..;..;..;..;..;..;..;..;78,97355652;..;85,55412292;85,50106812;94,3642807;89,92276764;..;104,3938675;108,9063492;111,0752563;110,6527176;108,3060837;105,8518677;108,7238464;111,3719635;114,0228424;..;..;..;127,1875;127,8443912
School enrollment, secondary (% gross);SE.SEC.ENRR;Sudan;SDN;..;..;..;..;..;..;..;..;..;..;..;32,29817963;32,1063385;33,35290909;36,59130096;36,36865997;34,65692902;33,96913147;35,89350128;39,49214935;39,66677856;35,21297836;38,72726059;40,94340897;42,04698944;42,52307129;40,95560074;43,09032822;42,13669968;43,53786087;..
School enrollment, secondary (% gross);SE.SEC.ENRR;Suriname;SUR;53,32894897;55,08937836;59,6615181;51,10671997;..;..;..;..;..;..;..;69,01017761;70,42871094;..;..;68,39324188;69,84931183;70,29959106;70,89685059;68,56044006;70,64800695;68,22170836;68,47634061;68,5071439;67,30438995;70,15602875;71,62503186;..;74,74597931;74,41145445;73,11669922
School enrollment, secondary (% gross);SE.SEC.ENRR;Sweden;SWE;..;..;..;..;..;..;..;..;..;..;..;147,9034424;144,2185059;136,4743042;101,4254913;101,4821625;101,2040863;100,9987106;101,5210876;101,4343109;102,2510605;102,1403732;103,1068726;132,713501;133,6602478;137,4629669;137,5611572;142,6415863;140,8217468;136,6410065;136,4261322
School enrollment, secondary (% gross);SE.SEC.ENRR;Switzerland;CHE;..;..;..;..;..;..;..;..;..;..;94,5499115;94,75817108;93,58862305;93,35119629;93,22286987;93,80995941;94,16947937;95,07161713;95,51357269;95,84783173;96,6068573;97,19515991;98,3727417;101,2213821;..;103,9133911;104,0951309;103,9000626;104,1880264;104,0711136;104,2116165
School enrollment, secondary (% gross);SE.SEC.ENRR;Syrian Arab Republic;SYR;50,26514053;48,01004028;45,83581924;45,08890152;44,10662842;43,26285172;42,48212051;42,43408966;43,18997955;43,25455856;43,71183014;44,83895111;46,17517853;60,37028122;63,21463013;66,24565887;67,49284363;68,07176208;68,4909668;69,70700836;70,83213806;72,30000305;73,13697052;47,5814209;..;..;..;..;..;..;39,07278061
School enrollment, secondary (% gross);SE.SEC.ENRR;Tajikistan;TJK;..;101,4843063;99,54763794;93,38802338;81,6863327;81,70105743;..;..;..;71,81874847;71,96705627;73,85295868;75,80805969;78,08058167;79,29443359;79,95513153;80,7600174;81,42456055;82,29414368;83,13363647;83,91149902;85,02062988;86,34693146;86,98735046;..;..;..;..;..;..;90,90120728
School enrollment, secondary (% gross);SE.SEC.ENRR;Tanzania;TZA;..;5,124440193;5,150000095;5,165520191;5,105639935;5,095049858;5,04445982;5,546589851;..;..;..;..;..;..;..;..;..;..;..;..;31,89204979;..;..;32,38574462;29,63108063;26,09066963;25,64299926;26,3711632;28,59338974;30,18242633;30,92059386
School enrollment, secondary (% gross);SE.SEC.ENRR;Thailand;THA;30,01511955;32,24710846;35,9716301;40,64186096;45,93832016;51,26467133;57,56843948;59,46125031;61,91743851;..;..;64,02819824;65,54582214;..;67,4442215;71,82627869;71,62985992;75,7808075;75,2078476;76,60070801;78,39437866;86,98947906;85,53652954;83,85485077;123,5254593;124,3305969;122,5632172;79,50623718;80,60453051;81,72064259;82,3668561
School enrollment, secondary (% gross);SE.SEC.ENRR;Timor-Leste;TLS;..;..;..;..;..;..;..;..;..;..;..;41,32069016;44,70956039;46,58351898;57,96210098;59,47079849;..;..;57,06460953;67,09385681;68,30263096;70,16406026;70,0278422;67,8276666;69,37394642;72,98403256;77,38569437;81,16657009;83,0952419;85,12482426;84,74104044
School enrollment, secondary (% gross);SE.SEC.ENRR;Togo;TGO;19,92964935;18,96813965;18,72328949;..;19,92085075;21,65225983;23,03920937;23,44327927;..;29,03566933;31,60746002;34,44026947;38,48703003;40,5968895;41,98637009;44,22800827;46,02996826;42,75978851;..;..;..;52,77062988;..;..;..;..;..;60,76947222;..;..;..
School enrollment, secondary (% gross);SE.SEC.ENRR;Tonga;TON;90,81896973;91,73317719;..;100,9073715;..;..;..;..;92,32901001;101,2597198;100,1655197;97,5217514;101,0474472;109,5393829;97,93412018;..;97,86547089;102,2440414;103,8467026;104,4406509;105,6405487;107,0533981;94,51477051;95,45864105;96,77147488;103,2612248;..;..;..;96,09330909;90,463998
School enrollment, secondary (% gross);SE.SEC.ENRR;Trinidad and Tobago;TTO;83,21874237;79,86843109;78,04341125;77,37619019;..;..;..;..;..;..;..;..;..;..;84,27310944;..;..;..;..;..;..;..;..;..;..;..;..;..;..;..;..
School enrollment, secondary (% gross);SE.SEC.ENRR;Tunisia;TUN;43,09909821;43,27280045;43,72642136;46,01156998;50,4441185;54,42427063;58,36199188;59,80965042;66,0825882;69,95368195;72,48271179;74,8093338;76,49107361;76,05935669;80,00332642;83,43923187;85,95426941;89,60930634;91,054039;88,83683777;88,11122894;89,34146881;..;87,23570251;84,96634674;85,78160095;90,32642365;..;..;..;..
School enrollment, secondary (% gross);SE.SEC.ENRR;Turkiye;TUR;48,61312103;50,32971954;51,92871094;55,10142899;56,62419891;59,13201141;..;59,26622009;..;69,37123871;74,58798981;85,31362152;90,11099243;91,82273102;88,31369019;84,94371796;88,55278778;90,73445129;89,05696869;80,19074249;84,20240021;87,80322266;85,02043152;102,2097015;105,975502;107,243187;108,5475616;112,9773331;112,1154099;111,9104004;112,5274582
School enrollment, secondary (% gross);SE.SEC.ENRR;Turkmenistan;TKM;..;..;..;..;..;..;..;..;..;..;..;..;..;..;..;..;..;..;..;..;..;..;..;..;..;..;..;..;..;84,10783181;86,81202253
School enrollment, secondary (% gross);SE.SEC.ENRR;Turks and Caicos Islands;TCA;..;..;..;..;87,60610962;..;..;..;..;84,90853882;79,02758026;..;..;78,98010254;84,77063751;95,05796051;..;..;..;108,9443588;..;..;..;..;72,68632269;81,02040816;73,97482745;85,01841998;95,50515464;91,20561519;91,1872705
School enrollment, secondary (% gross);SE.SEC.ENRR;Tuvalu;TUV;83,780159;..;..;..;..;..;..;..;69,8653183;..;..;72,78531647;..;..;..;..;..;..;..;..;..;..;..;..;79,64190674;87,62745667;77,93199158;..;78,74186707;80,21977997;77,07715134
School enrollment, secondary (% gross);SE.SEC.ENRR;Uganda;UGA;11,01821041;10,3139801;10,09109974;10,02857971;10,29281044;10,64593983;..;10,17930031;..;..;..;..;..;..;19,12254906;..;..;24,09111023;..;..;..;..;..;..;..;..;..;..;..;..;..
School enrollment, secondary (% gross);SE.SEC.ENRR;Ukraine;UKR;96,5413208;93,49812317;92,51834869;90,80207825;89,98700714;..;..;..;..;94,78137207;97,83258057;99,41657257;100,0385284;101,2501221;98,83901978;95,11811066;97,16278839;97,69142914;97,74034882;97,37787628;98,14168177;96,11718264;99,47754931;99,43038011;98,29632493;90,50289611;88,54575087;86,78870227;85,83318768;84,45682836;84,42833386
School enrollment, secondary (% gross);SE.SEC.ENRR;United Arab Emirates;ARE;54,88093948;59,19818878;62,99900818;67,78188324;73,99025726;78,73348999;..;68,00061798;62,64743042;..;..;..;..;..;..;..;..;..;..;..;..;..;..;..;..;..;..;..;102,1844482;101,7473443;99,16354008
School enrollment, secondary (% gross);SE.SEC.ENRR;United Kingdom;GBR;..;..;..;..;..;..;..;..;..;..;101,204361;101,2297974;102,6145172;102,1570282;104,9429398;105,7050476;98,46827698;97,77851868;98,81587982;100,6347504;103,4611511;94,16452026;92,52729034;126,0643387;128,8224945;126,1108704;..;125,6297989;120,0882797;117,156601;114,6172485
School enrollment, secondary (% gross);SE.SEC.ENRR;United States;USA;97,01757813;95,64331055;..;96,61170197;96,44788361;94,17386627;94,00911713;..;94,42185211;94,32467651;..;..;..;..;..;95,0524826;..;..;..;..;..;..;..;96,18649292;96,92453766;97,65254974;98,76992798;98,95233917;99,27558136;100,0634308;100,509819
School enrollment, secondary (% gross);SE.SEC.ENRR;Uruguay;URY;82,03961945;84,37741089;83,20246124;82,52256012;83,03884888;84,93714142;88,43187714;..;91,80774689;94,41596985;96,85112762;100,6732407;105,9184189;109,8031921;108,2588577;102,7509537;102,3182831;92,91506195;88,04734039;89,2928772;98,66429901;101,5601807;102,9772263;104,6645203;106,469368;108,0432968;112,0325775;116,472847;117,7690582;119,8485332;116,9918289
School enrollment, secondary (% gross);SE.SEC.ENRR;Uzbekistan;UZB;101,2571411;99,60366058;98,4910202;95,27266693;93,39398193;93,11753845;..;..;..;85,7901001;85,34689331;..;..;95,44661713;96,29509735;87,86533356;88,727211;89,76821899;88,23036957;89,04360199;89,98355865;89,78317261;92,0473723;92,06266764;91,74183719;92,24281249;92,81486579;93,87757366;94,94650965;96,20747375;90,06429702
School enrollment, secondary (% gross);SE.SEC.ENRR;Vanuatu;VUT;..;19,56053925;..;..;..;..;..;..;..;30,59980965;34,47639084;34,97201157;38,25220108;38,70928955;40,81229019;..;..;..;..;..;55,24012086;..;..;..;..;57,25101852;..;..;..;..;59,16880035
School enrollment, secondary (% gross);SE.SEC.ENRR;Venezuela, RB;VEN;53,3853302;53,78139877;54,6644783;55,15684891;..;..;..;..;..;56,02930069;59,07728958;63,17898178;67,21971893;68,40490723;71,01963806;73,34352875;75,85466766;78,20702362;79,88057709;80,79181671;80,72409821;81,67828369;83,82169342;91,47254944;90,80812073;88,83022308;85,13294983;83,951828;..;..;..
School enrollment, secondary (% gross);SE.SEC.ENRR;Viet Nam;VNM;35,11790848;..;..;..;..;..;..;..;56,8839798;..;..;..;..;..;..;..;..;..;..;..;..;..;..;..;..;89,45483413;90,15833471;91,07251981;92,83777108;94,65462168;93,19213895
School enrollment, secondary (% gross);SE.SEC.ENRR;Virgin Islands (U.S.);VIR;106,129158;107,3541794;111,1111069;114,86586;119,2842865;121,8459167;..;121,6866302;..;..;..;..;..;..;..;..;..;..;..;..;..;..;..;..;..;..;..;..;..;..;..
School enrollment, secondary (% gross);SE.SEC.ENRR;West Bank and Gaza;PSE;..;..;..;..;..;65,24610138;67,31620789;69,51734924;..;73,57060242;76,00713348;78,08708954;80,36831665;83,05909729;86,86460876;88,34577942;90,09533691;90,43009949;89,90406036;90,01186371;89,17733713;88,28084144;88,0041467;87,74198517;87,61804282;88,39092191;88,66128824;89,74615221;89,6454662;90,31352073;90,25440567
School enrollment, secondary (% gross);SE.SEC.ENRR;Yemen, Rep.;YEM;..;..;..;..;..;..;..;..;..;36,07912064;..;39,9282608;..;40,83480072;41,58818817;40,53070831;..;..;37,97790146;..;39,06623077;40,66952896;40,97475052;42,70846176;..;..;43,69068909;..;..;..;..
School enrollment, secondary (% gross);SE.SEC.ENRR;Zambia;ZMB;20,56504059;..;..;..;20,3026104;..;..;..;..;..;..;..;..;..;..;..;..;..;..;..;..;..;..;..;..;..;..;..;..;..;..
School enrollment, secondary (% gross);SE.SEC.ENRR;Zimbabwe;ZWE;45,16928101;46,47885895;41,21387863;38,71208954;38,88407135;40,17832184;40,53300858;41,58190918;..;40,16283035;40,01792908;42,13518906;41,45782852;39,10110092;..;..;..;..;..;..;..;..;75,86481098;52,41585159;..;..;..;..;..;..;..
;;;;;;;;;;;;;;;;;;;;;;;;;;;;;;;;;;
;;;;;;;;;;;;;;;;;;;;;;;;;;;;;;;;;;
;;;;;;;;;;;;;;;;;;;;;;;;;;;;;;;;;;
Data from database: World Development Indicators;;;;;;;;;;;;;;;;;;;;;;;;;;;;;;;;;;
Last Updated: 04/08/2026;;;;;;;;;;;;;;;;;;;;;;;;;;;;;;;;;;
