Country Name;Country Code;Series Name;Series Code;2020;2019;2018;2017;2016;2015;2014;2013;2012;2011;2010;2009;2008;2007;2006;2005;2004;2003;2002;2000;1998;1996
Afghanistan;AFG;Control of Corruption - Governance estimate (approx. -2.5 to +2.5);GOV_WGI_CC.EST;-1,40089;-1,5013636;-1,5398439;-1,5435194;-1,5650116;-1,5195275;-1,5607981;-1,5860489;-1,635471;-1,5926582;-1,6541672;-1,5631034;-1,6125664;-1,5697208;-1,5221138;-1,5715003;-1,50732;-1,5453868;-1,5434271;-1,6374504;-1,6293354;-1,7175701
Albania;ALB;Control of Corruption - Governance estimate (approx. -2.5 to +2.5);GOV_WGI_CC.EST;-0,6594306;-0,5384935;-0,5871089;-0,5663593;-0,5061985;-0,5865235;-0,6758626;-0,815532;-0,8226266;-0,6894267;-0,5039223;-0,5744721;-0,6438129;-0,6751999;-0,6947376;-0,8830284;-0,7554331;-1,0079715;-1,0003421;-0,9827702;-0,563184;-0,8375515
Algeria;DZA;Control of Corruption - Governance estimate (approx. -2.5 to +2.5);GOV_WGI_CC.EST;-0,6356346;-0,620546;-0,5385136;-0,5404682;-0,6412808;-0,6299526;-0,6220502;-0,4058013;-0,4537431;-0,4094732;-0,3918564;-0,6151584;-0,5819677;-0,479348;-0,4436557;-0,6215313;-0,8390331;-0,8163111;-0,9941078;-1,0443964;-0,9889799;-0,6307227
American Samoa;ASM;Control of Corruption - Governance estimate (approx. -2.5 to +2.5);GOV_WGI_CC.EST;1,1797991;1,8025255;1,7972711;1,7934572;1,1716528;1,1685187;1,1646295;0,3889352;0,3885632;0,3934592;0,3958154;0,3948747;0,3949296;0,3933714;0,3992334;0,8590847;0,6637174;..;..;..;..;..
Andorra;AND;Control of Corruption - Governance estimate (approx. -2.5 to +2.5);GOV_WGI_CC.EST;1,1797991;1,1784788;1,1732244;1,1694105;1,1716528;1,1685187;1,1646295;1,3250051;1,3246331;1,3295291;1,3318853;1,3309446;1,3309995;1,3294413;1,3353033;1,3271197;0,9284646;1,332687;1,3358417;1,3450898;1,3581532;1,3626213
Angola;AGO;Control of Corruption - Governance estimate (approx. -2.5 to +2.5);GOV_WGI_CC.EST;-0,8918323;-0,9647988;-1,181782;-1,4208093;-1,4881942;-1,4857649;-1,4864394;-1,4609008;-1,4394482;-1,3687643;-1,3270303;-1,2724835;-1,2699259;-1,2804167;-1,2967958;-1,2940835;-1,2228664;-1,3231498;-1,3041443;-1,2804297;-1,2767286;-1,1160753
Anguilla;AIA;Control of Corruption - Governance estimate (approx. -2.5 to +2.5);GOV_WGI_CC.EST;0,5557528;1,1784788;1,1732244;1,1694105;1,1716528;1,1685187;1,1646295;1,3250051;1,3246331;1,3295291;1,3318853;1,3309446;1,3309995;1,3294413;1,3353033;1,3271197;0,7015384;..;..;..;..;..
Antigua and Barbuda;ATG;Control of Corruption - Governance estimate (approx. -2.5 to +2.5);GOV_WGI_CC.EST;0,2199155;0,2193663;0,2262187;0,1957295;0,6379406;0,6366369;0,5405831;1,3250051;1,3246331;1,3295291;1,3318853;1,0478893;1,0479318;1,0467254;1,0512639;0,6825636;0,6191511;0,8646521;0,8678068;0,8770548;0,8901183;0,8945863
Argentina;ARG;Control of Corruption - Governance estimate (approx. -2.5 to +2.5);GOV_WGI_CC.EST;-0,1344697;-0,0847054;-0,0057354;-0,1781416;-0,2193628;-0,645136;-0,6660539;-0,517294;-0,5168142;-0,3396354;-0,3672971;-0,3970066;-0,4137763;-0,4042866;-0,3208518;-0,3890799;-0,4054833;-0,5482238;-0,56214;-0,3051156;-0,4174838;-0,2248409
Armenia;ARM;Control of Corruption - Governance estimate (approx. -2.5 to +2.5);GOV_WGI_CC.EST;0,1056079;-0,0523489;-0,1642391;-0,5641041;-0,5806763;-0,6231951;-0,6390245;-0,5341199;-0,6183619;-0,677393;-0,6713721;-0,7353937;-0,7596163;-0,7056118;-0,6287834;-0,5987763;-0,6721624;-0,941413;-0,9400415;-0,8246565;-0,6439548;-0,5723184
Aruba;ABW;Control of Corruption - Governance estimate (approx. -2.5 to +2.5);GOV_WGI_CC.EST;1,165722;1,1651628;1,1629372;1,1613218;1,1622716;1,1609441;0,8949794;1,0289865;1,0288289;1,0309026;1,0319006;1,0315021;1,3309995;1,3294413;1,3353033;1,3271197;0,9662856;..;..;..;..;..
Australia;AUS;Control of Corruption - Governance estimate (approx. -2.5 to +2.5);GOV_WGI_CC.EST;1,6038237;1,7864413;1,7686469;1,7942938;1,7943998;1,8544442;1,8631086;1,7300796;1,9635732;1,9689203;1,9936736;1,9724107;1,9874065;1,8662259;1,7469891;1,7797873;1,7734224;2,0294771;2,0158457;2,0594099;2,1506078;2,150333
Austria;AUT;Control of Corruption - Governance estimate (approx. -2.5 to +2.5);GOV_WGI_CC.EST;1,6059221;1,607711;1,6348091;1,5672466;1,5179793;1,4914799;1,4211309;1,4466859;1,3720899;1,5778123;1,6674975;1,8047422;1,8526056;1,9654354;1,9434385;1,9511557;1,9296819;1,9819108;1,8696067;1,6904067;1,7673546;1,9301227
Azerbaijan;AZE;Control of Corruption - Governance estimate (approx. -2.5 to +2.5);GOV_WGI_CC.EST;-0,7598072;-0,7550887;-0,9065044;-0,8585937;-0,7523066;-0,9367808;-1,1217641;-1,0027032;-1,1735441;-1,1630943;-1,2337448;-1,1418298;-1,1747872;-1,1661174;-1,1420573;-1,1575899;-1,2455967;-1,2648083;-1,391787;-1,3814862;-1,309663;-1,4799949
Bahamas, The;BHS;Control of Corruption - Governance estimate (approx. -2.5 to +2.5);GOV_WGI_CC.EST;1,2128533;1,2125503;1,1027809;1,0769219;1,0895206;1,0887958;1,3095259;1,4818436;1,4817162;1,483393;1,4842;1,4838778;1,3232893;1,3222897;1,3260502;1,3208004;1,1621103;1,3243719;1,3263956;1,3323283;1,3407086;1,3435748
Bahrain;BHR;Control of Corruption - Governance estimate (approx. -2.5 to +2.5);GOV_WGI_CC.EST;-0,0925166;-0,0835445;-0,140961;-0,143222;-0,0877355;0,0385922;-0,0204446;0,197016;0,1663109;0,1964302;0,15202;0,078316;0,0224366;0,1042366;0,10779;0,1496686;0,2241191;0,3727252;0,5602165;0,1016791;0,1061532;0,1076835
Bangladesh;BGD;Control of Corruption - Governance estimate (approx. -2.5 to +2.5);GOV_WGI_CC.EST;-1,0760578;-1,1006451;-1,0964787;-1,062185;-1,0667924;-1,0798121;-1,1845563;-1,1326018;-1,1213329;-1,0523775;-1,0218466;-0,9111494;-0,9484057;-1,1475412;-1,4299078;-1,4632376;-1,5156931;-1,4630795;-1,4493199;-1,1399628;-0,8733555;-0,8720896
Barbados;BRB;Control of Corruption - Governance estimate (approx. -2.5 to +2.5);GOV_WGI_CC.EST;1,1695313;1,1451261;1,1350977;1,1097987;1,1460171;1,207238;0,9707469;1,422247;1,4452466;1,514105;1,3402327;1,2533661;1,3355369;1,3397259;1,3885303;1,3508259;1,1585946;1,440375;1,4423347;1,4480795;1,4561945;1,45897
Belarus;BLR;Control of Corruption - Governance estimate (approx. -2.5 to +2.5);GOV_WGI_CC.EST;-0,1014181;0,0170374;-0,1272022;-0,1120128;-0,1462308;-0,2405698;-0,1522547;-0,2788276;-0,3105829;-0,4594806;-0,5605517;-0,4726157;-0,4741791;-0,500874;-0,4982309;-0,2910817;-0,3473571;-0,5190961;-0,5177246;-0,3594217;0,0214909;-0,5706325
Belgium;BEL;Control of Corruption - Governance estimate (approx. -2.5 to +2.5);GOV_WGI_CC.EST;1,5662608;1,4973857;1,4543603;1,4425342;1,5450402;1,5244457;1,5150458;1,5003188;1,4862037;1,5664836;1,4956315;1,5580741;1,404707;1,3866548;1,4069022;1,471559;1,4030257;1,4560896;1,5594273;1,450425;1,2384711;1,5008783
Belize;BLZ;Control of Corruption - Governance estimate (approx. -2.5 to +2.5);GOV_WGI_CC.EST;-0,0753265;-0,075652;-0,1082321;-0,1991297;-0,1234777;-0,2669244;-0,2871964;-0,0751853;-0,0752991;-0,0679633;0,1822509;0,2493633;0,0149957;-0,2776753;-0,2711009;-0,1470838;-0,1006888;-0,0714178;-0,0682631;-0,0590151;-0,0459516;-0,0414836
Benin;BEN;Control of Corruption - Governance estimate (approx. -2.5 to +2.5);GOV_WGI_CC.EST;-0,0352655;-0,2398967;-0,2921422;-0,402134;-0,4335684;-0,5072447;-0,6075837;-0,5738602;-0,677392;-0,4955475;-0,4991988;-0,4479446;-0,3572345;-0,3382158;-0,4278956;-0,7047019;-0,5094063;-0,8428625;-0,8409028;-0,835158;-0,8270431;-0,7690646
Bermuda;BMU;Control of Corruption - Governance estimate (approx. -2.5 to +2.5);GOV_WGI_CC.EST;1,1797991;1,1784788;1,1732244;1,1694105;1,1716528;1,1685187;1,1646295;1,3250051;1,3246331;1,3295291;1,3318853;1,3309446;1,3309995;1,3294413;1,3353033;1,3271197;1,0797485;1,332687;1,3358417;1,3450898;1,3581532;1,3626213
Bhutan;BTN;Control of Corruption - Governance estimate (approx. -2.5 to +2.5);GOV_WGI_CC.EST;1,3421241;1,4640293;1,4519306;1,4511886;1,169102;1,0788548;1,0904024;0,785208;0,8135637;0,7141101;0,7720446;0,7718472;0,8707561;0,8441927;0,8146492;0,9887151;0,7450914;1,0675763;0,4776114;0,4415811;0,7464043;0,7626075
Bolivia;BOL;Control of Corruption - Governance estimate (approx. -2.5 to +2.5);GOV_WGI_CC.EST;-0,8045643;-0,8232153;-0,8237458;-0,8143488;-0,7783732;-0,754699;-0,6409494;-0,5857827;-0,698911;-0,5781748;-0,4112377;-0,5487867;-0,5457949;-0,4800088;-0,4523903;-0,7617554;-0,6249148;-0,8453814;-0,8366592;-0,4524023;-0,3936453;-0,5750129
Bosnia and Herzegovina;BIH;Control of Corruption - Governance estimate (approx. -2.5 to +2.5);GOV_WGI_CC.EST;-0,6246595;-0,6387532;-0,6404386;-0,5769795;-0,4684034;-0,4923931;-0,3542824;-0,3230858;-0,405939;-0,5013971;-0,463675;-0,4251292;-0,4488607;-0,4313474;-0,3444413;-0,4170295;-0,4386068;-0,3678076;-0,3714306;-0,6041293;-0,4897944;-0,5231485
Botswana;BWA;Control of Corruption - Governance estimate (approx. -2.5 to +2.5);GOV_WGI_CC.EST;0,7218389;0,8223154;0,851239;0,7790808;0,8579361;0,7957375;0,8215662;0,9806396;1,0357782;1,0051672;1,0119522;0,9356014;1,0295129;0,9258834;0,9295641;1,170669;0,9443983;1,2396807;0,7836907;0,9811381;0,990283;0,9915488
Brazil;BRA;Control of Corruption - Governance estimate (approx. -2.5 to +2.5);GOV_WGI_CC.EST;-0,3372316;-0,372764;-0,407628;-0,4693688;-0,3668177;-0,3512683;-0,2351787;-0,0608636;-0,0113872;0,2097513;-0,0150966;-0,0402027;-0,0919325;-0,2877377;-0,2132726;-0,2471616;-0,1041693;0,0538006;0,0977714;0,1106033;0,1677642;0,1194144
Brunei Darussalam;BRN;Control of Corruption - Governance estimate (approx. -2.5 to +2.5);GOV_WGI_CC.EST;1,183555;1,1831673;1,2159731;1,2166994;1,0855421;1,2048251;1,2036828;0,9963226;0,9671207;0,945319;0,9284875;0,9266343;0,2792377;0,1804524;0,1842129;0,1789631;0,2083065;0,1825345;0,1845583;0,3709386;0,3793189;0,7430807
Bulgaria;BGR;Control of Corruption - Governance estimate (approx. -2.5 to +2.5);GOV_WGI_CC.EST;-0,2584157;-0,1252922;-0,1893944;-0,3083773;-0,3444028;-0,4387083;-0,3904198;-0,3480638;-0,3572623;-0,3558139;-0,3206264;-0,2486442;-0,1116766;-0,061456;0,1068729;0,0235431;0,1341795;-0,0561659;-0,0007996;-0,1491299;0,0438167;-0,1917521
Burkina Faso;BFA;Control of Corruption - Governance estimate (approx. -2.5 to +2.5);GOV_WGI_CC.EST;-0,2018274;-0,2008751;-0,1575363;-0,1525315;-0,2212838;-0,3288238;-0,4450109;-0,4520066;-0,375203;-0,3476654;-0,3817262;-0,3887861;-0,3391636;-0,3632133;-0,3297589;-0,3014107;-0,2919893;-0,0366614;-0,0241316;-0,0198672;-0,039316;0,2221588
Burundi;BDI;Control of Corruption - Governance estimate (approx. -2.5 to +2.5);GOV_WGI_CC.EST;-1,3529714;-1,4706435;-1,4646425;-1,3126405;-1,2905502;-1,2586575;-1,2665737;-1,3468046;-1,3979996;-1,2549651;-1,2408811;-1,1815653;-1,1482657;-1,1378989;-1,0671328;-1,0594009;-0,958209;-0,7026173;-0,7006576;-0,9095626;-0,8716083;-0,8688327
Cabo Verde;CPV;Control of Corruption - Governance estimate (approx. -2.5 to +2.5);GOV_WGI_CC.EST;0,8002643;0,8894292;0,8724586;0,8080692;0,8563504;0,888954;0,8877993;0,8253651;0,8821601;0,9223281;0,8461885;0,88572;0,8879289;0,7952378;0,7083824;0,5718588;0,2245775;0,2967351;0,2984646;0,9189392;0,8461359;0,8518842
Cambodia;KHM;Control of Corruption - Governance estimate (approx. -2.5 to +2.5);GOV_WGI_CC.EST;-1,1175106;-1,3389044;-1,4286146;-1,3304853;-1,3323199;-1,2799008;-1,2606479;-1,1373777;-1,1374421;-1,3007746;-1,19379;-1,1931259;-1,1588469;-1,0513221;-1,1364746;-1,166689;-1,0053897;-0,9440919;-0,9132706;-0,9101576;-0,9057603;-0,9042563
Cameroon;CMR;Control of Corruption - Governance estimate (approx. -2.5 to +2.5);GOV_WGI_CC.EST;-1,057706;-1,1336941;-1,1162626;-1,1579943;-1,1306679;-1,0952851;-1,1800614;-1,1694764;-1,2340704;-1,0477201;-0,9239071;-0,7867759;-0,7677497;-0,8274568;-0,8518879;-1,2320786;-1,1561621;-1,0642977;-1,3592621;-1,1590382;-1,1553371;-1,1922875
Canada;CAN;Control of Corruption - Governance estimate (approx. -2.5 to +2.5);GOV_WGI_CC.EST;1,6422133;1,7955073;1,8073526;1,8841224;1,9407326;1,8679741;1,8178559;1,8292063;1,8407404;1,8892441;1,941867;1,9677562;1,9424897;1,9344584;1,9761934;1,9162476;1,7241736;1,9616148;1,8937597;2,0626992;2,1829869;2,1795226
Cayman Islands;CYM;Control of Corruption - Governance estimate (approx. -2.5 to +2.5);GOV_WGI_CC.EST;0,6059907;0,6054315;0,6032059;0,6015906;0,6025403;0,8966267;0,8949794;1,2272246;1,227067;1,2291407;1,0319006;1,0315021;0,8629646;1,3294413;1,3353033;1,3271197;1,0419275;1,332687;1,3358417;1,3450898;1,3581532;1,3626213
Central African Republic;CAF;Control of Corruption - Governance estimate (approx. -2.5 to +2.5);GOV_WGI_CC.EST;-1,2524048;-1,2014248;-1,22089;-1,1807818;-1,3081853;-1,3662253;-1,2510311;-1,1350883;-0,9511;-0,9803047;-0,9798396;-1,0963308;-1,1470045;-1,0493179;-1,1206776;-1,2806541;-1,3134547;-1,1427486;-0,9751802;-1,2601757;-1,2371411;-1,2343656
Chad;TCD;Control of Corruption - Governance estimate (approx. -2.5 to +2.5);GOV_WGI_CC.EST;-1,4821998;-1,4780052;-1,4604181;-1,4572612;-1,5029281;-1,5175651;-1,4777283;-1,4313551;-1,376467;-1,3655434;-1,3954646;-1,4957;-1,5391258;-1,3736274;-1,2943601;-1,4441465;-1,3069672;-1,4853792;-1,3093816;-1,3036368;-1,2955219;-1,2927463
Chile;CHL;Control of Corruption - Governance estimate (approx. -2.5 to +2.5);GOV_WGI_CC.EST;1,2156268;1,1570367;1,1121229;1,1123641;1,1036472;1,1438485;1,3860663;1,4311564;1,4796889;1,5441989;1,5074067;1,4205225;1,3947927;1,3963517;1,4713301;1,5020745;1,2679675;1,175906;1,5532108;1,5375504;1,3713894;1,5906957
China;CHN;Control of Corruption - Governance estimate (approx. -2.5 to +2.5);GOV_WGI_CC.EST;0,0531167;-0,0496158;-0,0701512;-0,0492492;-0,092968;-0,1750814;-0,3014404;-0,4580204;-0,5068203;-0,4401165;-0,5891592;-0,5795465;-0,5068523;-0,614178;-0,6865856;-0,667396;-0,6390924;-0,5215173;-0,5858007;-0,5104071;-0,4335184;-0,3307815
Colombia;COL;Control of Corruption - Governance estimate (approx. -2.5 to +2.5);GOV_WGI_CC.EST;-0,2564639;-0,272275;-0,3185939;-0,410863;-0,3694889;-0,3173369;-0,3713217;-0,4412341;-0,4099866;-0,2066749;-0,3761085;-0,2895662;-0,2301046;-0,2642695;-0,2025515;-0,1001815;-0,0738816;-0,1782411;-0,2334001;-0,6209162;-0,5918542;-0,5147524
Comoros;COM;Control of Corruption - Governance estimate (approx. -2.5 to +2.5);GOV_WGI_CC.EST;-1,3224111;-1,2697513;-1,023535;-0,9443349;-0,8635472;-0,8467167;-0,8060681;-0,8220641;-0,7798117;-0,7945742;-0,7950791;-0,8052283;-0,7797098;-0,634343;-0,6322254;-0,8390562;-0,7728661;-0,6520842;-0,6501245;-0,9709273;-0,980716;-0,9078179
Congo, Dem. Rep.;COD;Control of Corruption - Governance estimate (approx. -2.5 to +2.5);GOV_WGI_CC.EST;-1,4573026;-1,5570273;-1,5315596;-1,4338617;-1,4189706;-1,3932852;-1,4371692;-1,3705987;-1,3730997;-1,3953591;-1,4190913;-1,3936551;-1,3199679;-1,3983526;-1,5096436;-1,5329034;-1,529402;-1,6067882;-1,606441;-1,6021766;-1,5961528;-1,8280343
Congo, Rep.;COG;Control of Corruption - Governance estimate (approx. -2.5 to +2.5);GOV_WGI_CC.EST;-1,3702576;-1,4947169;-1,3693694;-1,3044744;-1,2697622;-1,2818737;-1,2753339;-1,1924841;-1,2236744;-1,1227079;-1,1727804;-1,2084391;-1,2084292;-1,1032439;-1,1397101;-1,1076439;-0,9621535;-1,0208033;-1,0193486;-0,4962552;-0,6783636;-0,7452266
Cook Islands;COK;Control of Corruption - Governance estimate (approx. -2.5 to +2.5);GOV_WGI_CC.EST;..;..;..;..;..;-0,1648083;-0,17328;-0,1637744;-0,1645849;0,1624394;0,1672639;-0,0125322;0,7376615;0,7297425;0,4504414;0,4088509;..;..;..;..;..;..
Costa Rica;CRI;Control of Corruption - Governance estimate (approx. -2.5 to +2.5);GOV_WGI_CC.EST;0,756375;0,7249661;0,6496945;0,5853521;0,8034365;0,7699694;0,7809898;0,6633217;0,670503;0,6579069;0,6993258;0,6186572;0,4877144;0,4565309;0,39918;0,3850864;0,3790831;0,4825793;0,4588684;1,0244953;0,9585323;0,9596452
Cote d'Ivoire;CIV;Control of Corruption - Governance estimate (approx. -2.5 to +2.5);GOV_WGI_CC.EST;-0,4863208;-0,5301004;-0,483169;-0,4649251;-0,4714187;-0,4307488;-0,4250952;-0,7559365;-0,835052;-0,9073893;-1,0057031;-0,9153277;-0,9172218;-1,0556439;-1,143042;-1,2702551;-1,167954;-0,8817182;-0,7625117;-0,7462823;-0,4870276;0,0688334
Croatia;HRV;Control of Corruption - Governance estimate (approx. -2.5 to +2.5);GOV_WGI_CC.EST;0,1356925;0,0249751;0,0249186;0,0456235;0,1085585;0,1722605;0,1153811;0,1136039;0,0944765;0,1086579;0,1141188;0,050097;0,0657437;0,1000877;0,1368044;0,1969274;0,2661675;0,3959679;0,4509738;0,0998038;-0,6953575;-0,7276259
Cuba;CUB;Control of Corruption - Governance estimate (approx. -2.5 to +2.5);GOV_WGI_CC.EST;-0,1430736;-0,1433557;-0,0111422;0,0402953;0,0053058;0,2903657;0,2926138;0,3160506;0,4572964;0,4883787;0,4889156;0,5302033;0,530215;0,4523843;0,4536368;-0,1442033;-0,2082439;-0,1221252;-0,1212314;-0,1983051;-0,194604;-0,0339506
Cyprus;CYP;Control of Corruption - Governance estimate (approx. -2.5 to +2.5);GOV_WGI_CC.EST;0,4663521;0,6807343;0,6608595;0,8179827;0,7247771;0,6824205;0,7530793;0,9856079;1,0052242;1,0124344;1,1061312;1,0785963;1,1824327;1,0857157;1,1392607;0,9555973;0,9137833;1,111154;1,1770491;1,1796692;1,1833703;1,5416274
Czechia;CZE;Control of Corruption - Governance estimate (approx. -2.5 to +2.5);GOV_WGI_CC.EST;0,6341668;0,6034081;0,6140583;0,7473855;0,6247694;0,5929256;0,5091331;0,3827776;0,4104378;0,4745101;0,3937065;0,3950891;0,4165926;0,4278636;0,538493;0,5643395;0,4510277;0,5110948;0,4083161;0,2594752;0,7763005;0,8082924
Denmark;DNK;Control of Corruption - Governance estimate (approx. -2.5 to +2.5);GOV_WGI_CC.EST;2,2645808;2,1562325;2,1580954;2,1877812;2,1677475;2,1589365;2,1516341;2,2419071;2,258271;2,3322647;2,2632106;2,3099939;2,3017254;2,3189895;2,3453032;2,2532203;2,2298816;2,3034256;2,2855283;2,312161;2,3843202;2,3558581
Djibouti;DJI;Control of Corruption - Governance estimate (approx. -2.5 to +2.5);GOV_WGI_CC.EST;-0,8140783;-0,9286163;-0,8215556;-0,7643067;-0,7112911;-0,7297316;-0,7346191;-0,6208514;-0,5478799;-0,5260663;-0,5264958;-0,4886709;-0,283894;-0,4894592;-0,6564207;-0,6593771;-0,422042;-0,6267207;-0,624761;-0,6190162;-0,6288049;-0,6200615
Dominica;DMA;Control of Corruption - Governance estimate (approx. -2.5 to +2.5);GOV_WGI_CC.EST;0,4019084;0,4981335;0,5097888;0,62126;0,6205238;0,6194167;0,6052154;0,8269725;0,8267117;0,8301434;0,8317948;0,7031943;0,7032262;0,7023194;0,7057308;0,7009683;0,5605873;0,8646521;0,8678068;0,8770548;0,8901183;0,8945863
Dominican Republic;DOM;Control of Corruption - Governance estimate (approx. -2.5 to +2.5);GOV_WGI_CC.EST;-0,7065552;-0,8021285;-0,8443735;-0,8010555;-0,794053;-0,7903907;-0,7555382;-0,7708869;-0,7816871;-0,7070725;-0,7609997;-0,7202043;-0,7442644;-0,7510177;-0,6553867;-0,8517184;-0,7185713;-0,8571186;-0,588125;-0,5461552;-0,5424541;-0,169797
Ecuador;ECU;Control of Corruption - Governance estimate (approx. -2.5 to +2.5);GOV_WGI_CC.EST;-0,5183859;-0,5273627;-0,6184243;-0,7757228;-0,7661054;-0,7228483;-0,7552215;-0,584111;-0,6136706;-0,6696298;-0,7117288;-0,7037348;-0,7162226;-0,7886171;-0,8151132;-0,8397299;-0,7760232;-0,6704346;-0,8039929;-0,7563515;-0,7156859;-0,5325772
Egypt, Arab Rep.;EGY;Control of Corruption - Governance estimate (approx. -2.5 to +2.5);GOV_WGI_CC.EST;-0,7914606;-0,6521092;-0,4749757;-0,4059653;-0,4472655;-0,5639736;-0,576258;-0,5658677;-0,5175138;-0,5611174;-0,608266;-0,4952858;-0,5715379;-0,5368287;-0,5725119;-0,6190665;-0,6297097;-0,630474;-0,6106491;-0,5521491;-0,5478542;-0,2903698
El Salvador;SLV;Control of Corruption - Governance estimate (approx. -2.5 to +2.5);GOV_WGI_CC.EST;-0,5107438;-0,5208324;-0,579658;-0,5282498;-0,5627985;-0,5236226;-0,4848632;-0,3454095;-0,4128276;-0,168123;-0,2559994;-0,2532086;-0,410106;-0,4139309;-0,3764328;-0,4242744;-0,3835688;-0,5478229;-0,7260707;-0,7200272;-0,742136;-0,8811521
Equatorial Guinea;GNQ;Control of Corruption - Governance estimate (approx. -2.5 to +2.5);GOV_WGI_CC.EST;-1,517481;-1,5178173;-1,5191557;-1,6336352;-1,6329041;-1,5888102;-1,5899681;-1,3099628;-1,2632178;-1,261717;-1,2609948;-1,2684339;-1,3611491;-1,3616268;-1,3598299;-1,5058021;-1,4048335;-1,4253937;-1,4243318;-1,4212188;-1,4168214;-1,4153174
Eritrea;ERI;Control of Corruption - Governance estimate (approx. -2.5 to +2.5);GOV_WGI_CC.EST;-1,3612091;-1,4238042;-1,4338129;-1,320663;-1,3528165;-1,3519275;-1,124763;-0,9908114;-0,8728257;-0,7517438;-0,7200414;-0,6866558;-0,6362941;-0,5423481;-0,4748534;-0,4150293;-0,2128556;-0,0183845;0,0850292;0,4891302;0,4972452;0,5000207
Estonia;EST;Control of Corruption - Governance estimate (approx. -2.5 to +2.5);GOV_WGI_CC.EST;1,5899428;1,52358;1,4976464;1,280741;1,2763152;1,2999987;1,2696404;1,173543;1,1139136;1,1623156;0,9912376;0,9924429;1,0058476;0,9936845;1,0518977;0,965003;0,922238;0,8598443;0,7636453;0,8425922;0,93994;0,4859293
Eswatini;SWZ;Control of Corruption - Governance estimate (approx. -2.5 to +2.5);GOV_WGI_CC.EST;-0,3014253;-0,2969784;-0,2724516;-0,0881199;-0,2738615;-0,2787246;-0,2843032;-0,134462;-0,1114561;-0,1320069;-0,0920036;0,1378584;0,1882327;0,0810213;0,0827945;-0,3043228;-0,3033197;-0,0390781;-0,0371185;-0,0313736;0,0185165;0,021292
Ethiopia;ETH;Control of Corruption - Governance estimate (approx. -2.5 to +2.5);GOV_WGI_CC.EST;-0,3685588;-0,4268519;-0,4565279;-0,5649481;-0,4358905;-0,5196265;-0,5429668;-0,5672534;-0,6106685;-0,6055573;-0,6997533;-0,7219618;-0,6319413;-0,5338238;-0,531348;-0,8252059;-0,7533273;-0,839374;-0,7246525;-0,9872373;-0,9835362;-0,9822703
Fiji;FJI;Control of Corruption - Governance estimate (approx. -2.5 to +2.5);GOV_WGI_CC.EST;0,5418111;0,6824056;0,340503;0,344813;0,3150779;0,3146995;0,3474414;0,0896913;0,0857756;0,0901135;-0,1720755;-0,0369825;0,0484933;0,0387772;-0,078948;-0,0647222;0,2632429;0,2294766;0,5221766;0,6099798;0,5464802;0,5492557
Finland;FIN;Control of Corruption - Governance estimate (approx. -2.5 to +2.5);GOV_WGI_CC.EST;2,2354321;2,1845876;2,1834702;2,1795948;2,1900901;2,1750212;2,0450303;2,0358514;2,0890617;2,1357305;2,0755526;2,1761067;2,2985114;2,3313967;2,3969617;2,3168752;2,2858675;2,3542543;2,3615522;2,3501897;2,3803699;2,3650037
France;FRA;Control of Corruption - Governance estimate (approx. -2.5 to +2.5);GOV_WGI_CC.EST;1,2939757;1,3620502;1,4123369;1,3564923;1,3423858;1,2963551;1,311456;1,3296179;1,4686276;1,503435;1,3817944;1,4333546;1,4496473;1,4835556;1,4758857;1,4277596;1,3036186;1,34057;1,2479233;1,2886271;1,3972284;1,408111
French Guiana;GUF;Control of Corruption - Governance estimate (approx. -2.5 to +2.5);GOV_WGI_CC.EST;1,1968184;1,1962592;1,1940337;1,1924183;1,193368;1,1920406;1,1903933;1,3244003;1,3242427;1,3263165;1,3273144;1,326916;0,8629646;0,8614064;0,8672683;0,8590847;0,6637174;0,8646521;0,8678068;0,8770548;0,8901183;0,8945863
French Polynesia;PYF;Control of Corruption - Governance estimate (approx. -2.5 to +2.5);GOV_WGI_CC.EST;..;..;..;..;..;..;..;..;..;..;..;..;..;..;..;..;..;..;..;..;..;..
Gabon;GAB;Control of Corruption - Governance estimate (approx. -2.5 to +2.5);GOV_WGI_CC.EST;-0,8043948;-0,8194499;-0,820119;-0,8701115;-0,6893723;-0,7410649;-0,8308005;-0,6819546;-0,6847821;-0,7302265;-0,7901274;-0,9398098;-0,9397956;-0,9647242;-0,8417923;-0,8227409;-0,8961375;-0,6986292;-0,6977354;-0,6951153;-0,889018;-1,0853559
Gambia, The;GMB;Control of Corruption - Governance estimate (approx. -2.5 to +2.5);GOV_WGI_CC.EST;-0,2228168;-0,3416671;-0,417942;-0,5031961;-0,9137354;-0,9231417;-0,8916469;-0,8714738;-0,7701443;-0,6556196;-0,696733;-0,7074094;-0,6917675;-0,6385879;-0,6159596;-0,6333333;-0,3962133;-0,1573975;-0,2450873;-0,2408228;-0,2403366;-0,2759315
Georgia;GEO;Control of Corruption - Governance estimate (approx. -2.5 to +2.5);GOV_WGI_CC.EST;0,8203237;0,8436252;0,8416678;0,8616872;0,799381;0,7754032;0,8080156;0,5383892;0,5201487;0,317603;0,2516678;0,1388093;0,1189863;0,0623596;0,2742286;0,1294227;-0,0487664;-0,9964197;-1,5321825;-1,5641949;-1,409571;-1,4984444
Germany;DEU;Control of Corruption - Governance estimate (approx. -2.5 to +2.5);GOV_WGI_CC.EST;1,8713077;1,8768449;1,9178103;1,8222612;1,763112;1,7233648;1,7082916;1,6261055;1,6570716;1,6649059;1,6517124;1,6821928;1,688208;1,6554474;1,7295898;1,9288145;1,7933498;1,8885223;1,8103024;1,7250859;2,0103729;2,0380023
Ghana;GHA;Control of Corruption - Governance estimate (approx. -2.5 to +2.5);GOV_WGI_CC.EST;-0,0922532;-0,0994456;-0,1402248;-0,2759026;-0,2465556;-0,2762732;-0,1952286;-0,0209075;-0,0180774;0,0550802;0,0661022;-0,0172755;-0,0856728;-0,0943405;-0,1130597;-0,4199254;-0,3390642;-0,3194152;-0,3000833;-0,0109083;-0,5731233;-0,2148662
Greece;GRC;Control of Corruption - Governance estimate (approx. -2.5 to +2.5);GOV_WGI_CC.EST;0,2809798;0,3040548;0,2408155;0,1466842;0,0885981;0,0220321;0,0019795;0,1098246;-0,0229614;-0,0756332;-0,0313709;0,096657;0,1748439;0,2848043;0,4749268;0,3973065;0,4786362;0,4370156;0,45128;0,9046189;0,9740501;0,704405
Greenland;GRL;Control of Corruption - Governance estimate (approx. -2.5 to +2.5);GOV_WGI_CC.EST;1,1145942;1,1137491;1,1103855;1,1079441;1,1093795;1,02138;1,0188354;1,0216906;1,0214471;1,0246504;1,0261919;1,0255765;..;..;..;..;..;..;..;..;..;..
Grenada;GRD;Control of Corruption - Governance estimate (approx. -2.5 to +2.5);GOV_WGI_CC.EST;0,3784368;0,3780139;0,4166836;0,4508706;0,5371119;0,5361081;0,2414206;0,516336;0,5161195;0,5189688;0,52034;0,4813719;0,4530939;0,4521871;0,7279744;0,7009683;0,5605873;0,8646521;0,8678068;0,8770548;0,8901183;0,8945863
Guam;GUM;Control of Corruption - Governance estimate (approx. -2.5 to +2.5);GOV_WGI_CC.EST;1,1797991;1,1784788;1,1732244;1,1694105;1,1716528;1,1685187;1,1646295;0,8569702;0,8565981;0,8614942;0,8638503;0,8629097;0,8629646;0,8614064;0,8672683;0,8590847;0,3233283;..;..;..;..;..
Guatemala;GTM;Control of Corruption - Governance estimate (approx. -2.5 to +2.5);GOV_WGI_CC.EST;-1,0998808;-1,0038569;-0,9720414;-0,8839206;-0,8736979;-0,9067476;-0,8707969;-0,720212;-0,7692412;-0,5518373;-0,6209412;-0,5122531;-0,4600475;-0,6123079;-0,6466034;-0,6394656;-0,5943331;-0,8119333;-0,7996317;-0,5646551;-0,7788982;-0,7777853
Guinea;GIN;Control of Corruption - Governance estimate (approx. -2.5 to +2.5);GOV_WGI_CC.EST;-0,8663898;-0,9231457;-1,1175524;-1,091293;-1,0088286;-1,097256;-1,1775585;-1,1447747;-1,1535446;-1,1443626;-1,2031714;-1,2871445;-1,3149643;-1,3699881;-1,1793284;-0,888743;-0,8823855;-0,8577419;-0,8562872;-0,8520228;-0,845999;-0,5845242
Guinea-Bissau;GNB;Control of Corruption - Governance estimate (approx. -2.5 to +2.5);GOV_WGI_CC.EST;-1,2993067;-1,5280723;-1,5962069;-1,664347;-1,5781031;-1,5509685;-1,5875132;-1,42845;-1,3434781;-1,1238522;-1,1224221;-1,1227048;-1,1226883;-1,1343996;-1,0742275;-1,1489973;-1,1350203;-1,1082963;-1,088014;-0,8169843;-1,0090603;-1,0103226
Guyana;GUY;Control of Corruption - Governance estimate (approx. -2.5 to +2.5);GOV_WGI_CC.EST;-0,1158874;-0,2410317;-0,36789;-0,4790415;-0,4101323;-0,5095919;-0,6007991;-0,5714367;-0,6766898;-0,5678004;-0,4763999;-0,451976;-0,4734188;-0,4973068;-0,4077972;-0,3706476;-0,2679358;-0,2387894;-0,2373347;-0,2330703;-0,1761012;-0,0876553
Haiti;HTI;Control of Corruption - Governance estimate (approx. -2.5 to +2.5);GOV_WGI_CC.EST;-1,4466696;-1,4624296;-1,4376012;-1,4223857;-1,4729127;-1,4465713;-1,4306803;-1,2754627;-1,3537961;-1,2979259;-1,2638364;-1,0913138;-1,1699245;-1,287096;-1,268223;-1,5592782;-1,3973735;-1,5162349;-1,5760189;-1,1998939;-1,1938701;-0,9656205
Honduras;HND;Control of Corruption - Governance estimate (approx. -2.5 to +2.5);GOV_WGI_CC.EST;-0,9726036;-1,0582406;-0,9695789;-0,946984;-0,9242987;-0,8111784;-0,9656425;-1,1060767;-1,0955287;-0,9697948;-1,0019392;-1,0007387;-0,9424127;-0,9270268;-0,9356122;-0,9475662;-0,9899139;-1,0387997;-1,1100833;-1,0419622;-1,1032135;-1,1021006
Hong Kong SAR, China;HKG;Control of Corruption - Governance estimate (approx. -2.5 to +2.5);GOV_WGI_CC.EST;1,6888523;1,7391529;1,7152609;1,7019137;1,6981569;1,6386086;1,5773889;1,5216743;1,6299761;1,7387892;1,6931807;1,6389127;1,6581161;1,6772641;1,6997179;1,6997817;1,6754692;1,7286408;1,3685458;1,0558323;1,1489244;1,3940748
Hungary;HUN;Control of Corruption - Governance estimate (approx. -2.5 to +2.5);GOV_WGI_CC.EST;0,1418393;0,084756;0,1391573;0,160723;0,1568851;0,1723755;0,172662;0,3541563;0,3833893;0,2982138;0,2469328;0,3846322;0,4265714;0,5332085;0,6056166;0,6054084;0,6092769;0,5628628;0,5606715;0,7755229;0,793109;0,9110362
Iceland;ISL;Control of Corruption - Governance estimate (approx. -2.5 to +2.5);GOV_WGI_CC.EST;1,8422993;1,8260874;1,8868085;1,8691325;1,9714103;1,9854027;1,842095;1,8605171;1,8243195;1,881645;1,8327409;2,1468511;2,1085545;1,9939428;1,9648349;2,2910864;1,9548506;2,101196;2,1184323;2,1951401;2,1776888;1,8003534
India;IND;Control of Corruption - Governance estimate (approx. -2.5 to +2.5);GOV_WGI_CC.EST;-0,2544871;-0,2183329;-0,2079644;-0,2244224;-0,2852229;-0,3449931;-0,4139641;-0,4708017;-0,5029878;-0,4906967;-0,3618247;-0,3452533;-0,2950408;-0,327371;-0,2300042;-0,4094793;-0,3879804;-0,5475556;-0,5564837;-0,2110909;-0,1548337;-0,2644045
Indonesia;IDN;Control of Corruption - Governance estimate (approx. -2.5 to +2.5);GOV_WGI_CC.EST;-0,3456603;-0,4278504;-0,3381295;-0,3767695;-0,4822576;-0,5229666;-0,7150247;-0,7278944;-0,7724336;-0,6451671;-0,6633383;-0,6204124;-0,5325944;-0,703208;-0,8969325;-1,1351666;-1,1642347;-1,2216426;-1,3407374;-1,0799309;-1,2280262;-0,8336706
Iran, Islamic Rep.;IRN;Control of Corruption - Governance estimate (approx. -2.5 to +2.5);GOV_WGI_CC.EST;-1,1044169;-0,9919553;-0,9420795;-0,7011486;-0,6561761;-0,7596233;-0,8168471;-0,9147814;-0,98264;-0,9423621;-1,1566514;-1,0476081;-1,0412836;-0,7763675;-0,7495746;-0,7697327;-0,6459403;-0,5007238;-0,4882621;-0,166867;-0,1631659;-0,4391183
Iraq;IRQ;Control of Corruption - Governance estimate (approx. -2.5 to +2.5);GOV_WGI_CC.EST;-1,3692381;-1,4433306;-1,4767763;-1,4065197;-1,4012064;-1,393567;-1,357674;-1,2645497;-1,2678822;-1,2387175;-1,3062258;-1,4044175;-1,5399263;-1,5400331;-1,5173537;-1,2432218;-1,1573744;-0,9576835;-1,6165482;-1,6268569;-1,6224753;-1,6212095
Ireland;IRL;Control of Corruption - Governance estimate (approx. -2.5 to +2.5);GOV_WGI_CC.EST;1,5958903;1,5189367;1,5533781;1,5580627;1,636332;1,6308016;1,5913084;1,5469722;1,4035742;1,3802239;1,4080005;1,4425076;1,4694605;1,4613994;1,5061161;1,6445923;1,2335938;1,4666734;1,4335105;1,2833514;1,5835801;1,8849494
Israel;ISR;Control of Corruption - Governance estimate (approx. -2.5 to +2.5);GOV_WGI_CC.EST;0,6932777;0,8011548;0,7398512;0,8089617;1,1108815;0,8495585;0,7470115;0,7521332;0,7558579;0,722372;0,6767019;0,6872948;0,6899302;0,6742053;0,8416144;0,8088567;0,8222197;1,0439559;1,0503727;1,0165864;1,1917096;1,6675231
Italy;ITA;Control of Corruption - Governance estimate (approx. -2.5 to +2.5);GOV_WGI_CC.EST;0,5299614;0,2828802;0,2476928;0,1948577;0,1252339;0,0677761;0,0131434;0,0420703;0,1585745;0,2491583;0,2007651;0,2877974;0,3135748;0,3863064;0,5465797;0,5477158;0,4670869;0,5080672;0,6844831;0,7814295;0,6206939;0,6955612
Jamaica;JAM;Control of Corruption - Governance estimate (approx. -2.5 to +2.5);GOV_WGI_CC.EST;-0,0800814;-0,0636837;-0,1747844;-0,1631899;-0,166888;-0,2392146;-0,2893901;-0,2538053;-0,2406003;-0,0495087;-0,2207188;-0,2773341;-0,289932;-0,2881667;-0,211234;-0,3142249;-0,3292527;-0,3888064;-0,3077318;-0,0502876;0,1111722;0,1124381
Japan;JPN;Control of Corruption - Governance estimate (approx. -2.5 to +2.5);GOV_WGI_CC.EST;1,4301233;1,4335295;1,3909549;1,4760635;1,4452816;1,4505851;1,5393479;1,4979614;1,4904141;1,5406092;1,3876183;1,1663245;0,9586641;0,8591032;0,9794703;0,9277728;0,8891675;0,8804847;0,8492287;0,8487415;0,6749031;1,2058025
Jersey;JEY;Control of Corruption - Governance estimate (approx. -2.5 to +2.5);GOV_WGI_CC.EST;1,0287603;1,0278965;1,0244587;1,0219635;1,0234305;1,02138;1,0188354;1,0216906;1,0214471;1,0246504;..;..;..;..;..;..;..;..;..;..;..;..
Jordan;JOR;Control of Corruption - Governance estimate (approx. -2.5 to +2.5);GOV_WGI_CC.EST;0,1409154;0,0894231;0,0742478;0,1776447;0,2009082;0,2644497;0,0942006;0,0969315;0,0948385;0,150624;0,0263631;0,0885625;0,2408529;0,1029529;0,0883568;0,063524;0,067614;0,2951936;-0,0064714;0,2364885;0,3379194;0,1661306
Kazakhstan;KAZ;Control of Corruption - Governance estimate (approx. -2.5 to +2.5);GOV_WGI_CC.EST;-0,2881195;-0,207193;-0,5048657;-0,7427939;-0,7865395;-0,8337886;-0,842471;-0,9287508;-0,912828;-0,8894339;-0,9891057;-0,9908614;-1,0246822;-1,2166727;-1,2051616;-1,087526;-1,1610946;-1,2728152;-1,2720543;-1,2084641;-0,9384553;-1,2424102
Kenya;KEN;Control of Corruption - Governance estimate (approx. -2.5 to +2.5);GOV_WGI_CC.EST;-0,7505394;-0,8096113;-0,8341484;-0,8985955;-0,9008091;-0,9711807;-0,8341787;-0,9346291;-0,9749478;-0,9218464;-0,8543665;-1,1084859;-1,0513432;-0,9610262;-0,946385;-1,0460424;-0,8947352;-0,7526162;-0,9730905;-0,9754007;-1,1801909;-1,0195375
Kiribati;KIR;Control of Corruption - Governance estimate (approx. -2.5 to +2.5);GOV_WGI_CC.EST;0,3514103;0,3505035;0,2521934;0,2500111;0,2512942;0,2843015;0,2820761;0,1455969;0,145384;0,2356682;0,0684729;-0,0076186;0,0947462;0,281657;0,2439124;0,3218331;0,4367912;..;..;..;..;..
Korea, Dem. People's Rep.;PRK;Control of Corruption - Governance estimate (approx. -2.5 to +2.5);GOV_WGI_CC.EST;-1,5735239;-1,5773982;-1,5872449;-1,4202074;-1,4197283;-1,2713751;-1,2722061;-1,2712737;-1,2713532;-0,9675004;-0,966997;-1,2182519;-1,3694903;-1,2923254;-1,2900466;-1,191793;-1,2593031;-1,560129;-1,1270344;-1,2949955;-1,2945092;-1,2924489
Korea, Rep.;KOR;Control of Corruption - Governance estimate (approx. -2.5 to +2.5);GOV_WGI_CC.EST;0,7558651;0,6133176;0,5413024;0,427734;0,3532288;0,3449721;0,5041579;0,584669;0,5254345;0,582102;0,4243376;0,4369534;0,414593;0,5124785;0,3855479;0,5818218;0,378397;0,4162143;0,2879473;0,3097326;0,4277583;0,6237495
Kosovo;XKX;Control of Corruption - Governance estimate (approx. -2.5 to +2.5);GOV_WGI_CC.EST;-0,42359;-0,3444863;-0,3876501;-0,4089401;-0,2981032;-0,3704123;-0,3496945;-0,4517414;-0,4549896;-0,4495426;-0,4550304;-0,4181452;-0,5570823;-0,3895304;-0,3806141;-0,2488485;0,0921869;0,154503;0,3137609;0,375099;..;..
Kuwait;KWT;Control of Corruption - Governance estimate (approx. -2.5 to +2.5);GOV_WGI_CC.EST;-0,1551226;-0,1345999;-0,2747578;-0,3931383;-0,3387471;-0,2419235;-0,2717863;-0,1239606;-0,1357484;-0,0793826;0,1131822;0,0933994;0,0880729;0,0700515;0,15691;0,4603332;0,4076687;0,4566733;0,5740395;0,5138229;0,6769115;0,6781773
Kyrgyz Republic;KGZ;Control of Corruption - Governance estimate (approx. -2.5 to +2.5);GOV_WGI_CC.EST;-1,048438;-0,9826685;-1,0445924;-1,1583682;-1,1900139;-1,2076555;-1,1718774;-1,1747911;-1,1598391;-1,2108817;-1,1425793;-1,3428104;-1,3088249;-1,3303239;-1,3607877;-1,3417191;-1,1207444;-1,0366425;-1,0348308;-1,0247621;-0,761764;-0,8826483
Lao PDR;LAO;Control of Corruption - Governance estimate (approx. -2.5 to +2.5);GOV_WGI_CC.EST;-1,0608703;-1,1050142;-1,1101203;-1,0088577;-0,9477248;-0,9998267;-1,0259697;-1,076746;-1,1447879;-1,1502894;-1,1900658;-1,2442994;-1,2442881;-1,2771996;-1,3010882;-1,2611503;-1,1120343;-0,7490623;-0,7471026;-0,7413578;-0,7332428;-0,7304673
Latvia;LVA;Control of Corruption - Governance estimate (approx. -2.5 to +2.5);GOV_WGI_CC.EST;0,7605048;0,6990995;0,5446798;0,6379966;0,590799;0,6009075;0,5065843;0,4288743;0,3863394;0,3903534;0,3436554;0,259018;0,2777419;0,3061482;0,3988244;0,3168036;0,1727394;0,2740176;0,1100643;-0,2494373;-0,0108502;-0,294776
Lebanon;LBN;Control of Corruption - Governance estimate (approx. -2.5 to +2.5);GOV_WGI_CC.EST;-1,2305227;-1,2286796;-1,2208803;-1,0714014;-1,069034;-1,0047914;-1,1059903;-0,970075;-0,938609;-0,8636085;-0,9593813;-0,9793422;-0,9881524;-1,0164881;-0,9629014;-0,6804753;-0,7036299;-0,6113814;-0,6105956;-0,6379561;-0,8318588;-0,6329891
Lesotho;LSO;Control of Corruption - Governance estimate (approx. -2.5 to +2.5);GOV_WGI_CC.EST;-0,009674;-0,0282232;0,0206214;0,0469636;0,0206204;0,0497097;0,1248333;0,2476871;0,1451542;0,2006484;0,1788739;0,1974813;0,1069533;0,0238937;0,075208;-0,1245853;-0,3145914;-0,4519129;-0,4607172;-0,4698191;-0,4617042;-0,2575126
Liberia;LBR;Control of Corruption - Governance estimate (approx. -2.5 to +2.5);GOV_WGI_CC.EST;-0,9167423;-0,9910994;-0,9857106;-0,852785;-0,8475684;-0,7343547;-0,7936808;-0,664203;-0,4732171;-0,5668276;-0,412423;-0,4387708;-0,6268627;-0,7198737;-0,7835218;-1,3670714;-1,246766;-1,1116189;-1,1101642;-0,5434764;-1,5850777;-1,4944169
Libya;LBY;Control of Corruption - Governance estimate (approx. -2.5 to +2.5);GOV_WGI_CC.EST;-1,5214215;-1,5465395;-1,5160134;-1,6097899;-1,5977532;-1,5959912;-1,475239;-1,2916518;-1,1136811;-1,250864;-1,2258396;-1,2049286;-1,1162314;-1,1569251;-1,1939274;-1,1957157;-1,1162753;-1,0548034;-1,0539097;-0,7325145;-0,7288134;-0,7275475
Liechtenstein;LIE;Control of Corruption - Governance estimate (approx. -2.5 to +2.5);GOV_WGI_CC.EST;2,0208673;2,0203081;2,0180825;2,0164671;2,0174169;2,0160894;2,0144421;1,8180523;1,7604274;1,762472;1,7634559;1,7630631;1,2137618;1,2571172;1,3353033;1,3271197;1,1175694;1,332687;1,3358417;1,3450898;1,3581532;1,3626213
Lithuania;LTU;Control of Corruption - Governance estimate (approx. -2.5 to +2.5);GOV_WGI_CC.EST;0,8813828;0,7581204;0,4531588;0,6761875;0,7346677;0,6814439;0,5991275;0,5798078;0,5599732;0,4310611;0,48572;0,2168575;0,1757147;0,1802647;0,3034082;0,5123846;0,5136179;0,3131684;0,2232329;0,1949824;0,2075769;0,4479313
Luxembourg;LUX;Control of Corruption - Governance estimate (approx. -2.5 to +2.5);GOV_WGI_CC.EST;2,2067723;2,2590117;2,2100505;2,1475168;2,1912929;2,2241466;2,1721389;2,1532216;2,169911;2,2289765;2,0803607;2,0505925;2,0727676;2,0689964;2,0357708;1,7188585;1,7217537;1,697981;1,9689887;1,9607248;1,9541985;2,252685
Macao SAR, China;MAC;Control of Corruption - Governance estimate (approx. -2.5 to +2.5);GOV_WGI_CC.EST;0,5748942;0,574335;0,5721095;0,5704941;0,8357614;0,5701164;0,5684691;0,0416824;0,0415248;0,3390125;0,3400104;0,339612;-0,0731053;-0,0746635;0,3992334;0,3910498;1,1553904;0,8646521;-0,0682631;0,4090199;0,4220833;0,4265514
Madagascar;MDG;Control of Corruption - Governance estimate (approx. -2.5 to +2.5);GOV_WGI_CC.EST;-0,8463989;-0,9256695;-0,9185574;-0,922522;-0,794876;-0,784991;-0,7838367;-0,7119532;-0,6123709;-0,4045495;-0,3902245;-0,2117033;-0,1853766;-0,1559895;-0,1926405;-0,3115825;-0,3107225;0,0792649;-0,0393789;-0,0745829;-0,0685591;0,0520045
Malawi;MWI;Control of Corruption - Governance estimate (approx. -2.5 to +2.5);GOV_WGI_CC.EST;-0,4785598;-0,802321;-0,8171813;-0,7151682;-0,8277565;-0,82915;-0,8197429;-0,6431455;-0,4934439;-0,3507495;-0,4404681;-0,5351013;-0,5696725;-0,6636819;-0,6539942;-0,7827589;-0,7886719;-0,9516688;-1,0735796;-0,4079104;-0,4150968;-0,4138309
Malaysia;MYS;Control of Corruption - Governance estimate (approx. -2.5 to +2.5);GOV_WGI_CC.EST;0,420523;0,4609033;0,4935415;0,0731841;0,1034428;0,2439907;0,2951748;0,215957;0,1532346;0,0660407;-0,0491702;-0,1462104;-0,0949358;0,05892;0,1145548;0,0332139;0,1525683;0,1430371;0,0229281;0,1485516;0,1266807;0,3518451
Maldives;MDV;Control of Corruption - Governance estimate (approx. -2.5 to +2.5);GOV_WGI_CC.EST;-0,1711344;-0,5207479;-0,8929584;-0,8676893;-0,764795;-0,587453;-0,5760219;-0,7639046;-0,7108251;-0,5425328;-0,5557448;-0,5420702;-0,7361177;-0,7593467;-0,5325262;-0,4535158;-0,3830013;-0,1765334;-0,1745737;-0,1688289;-0,1607139;-0,1460026
Mali;MLI;Control of Corruption - Governance estimate (approx. -2.5 to +2.5);GOV_WGI_CC.EST;-0,7753949;-0,7719638;-0,7448312;-0,7069741;-0,6456428;-0,6307364;-0,6426253;-0,5995502;-0,6661508;-0,5360999;-0,5808838;-0,5124794;-0,5653538;-0,506626;-0,4876272;-0,5198863;-0,5385639;-0,7017145;-0,7363348;-0,8147693;-0,8087455;-0,510723
Malta;MLT;Control of Corruption - Governance estimate (approx. -2.5 to +2.5);GOV_WGI_CC.EST;0,611326;0,4163584;0,7416132;0,7943079;0,7852018;0,8513513;0,8102062;0,9129264;0,9075464;0,9455787;0,9659229;0,964889;0,9990969;1,0046746;1,0538865;0,9299871;0,8467711;0,8904218;0,8354077;1,0990867;0,8892906;0,8913508
Marshall Islands;MHL;Control of Corruption - Governance estimate (approx. -2.5 to +2.5);GOV_WGI_CC.EST;-0,0245517;0,3505035;0,3468948;0,7728719;0,7744119;0,81403;-0,1142153;-0,0429856;-0,1763141;-0,1709639;-0,4162416;-0,3327901;-0,4987093;-0,5066283;-0,4768368;-0,2093346;..;..;..;..;..;..
Martinique;MTQ;Control of Corruption - Governance estimate (approx. -2.5 to +2.5);GOV_WGI_CC.EST;0,5557528;1,1784788;1,1732244;1,1694105;1,1716528;1,1685187;1,1646295;0,8569702;0,8565981;0,8614942;0,8638503;0,8629097;0,8629646;0,8614064;0,8672683;0,8590847;0,7393594;0,8646521;0,8678068;0,8770548;0,8901183;0,8945863
Mauritania;MRT;Control of Corruption - Governance estimate (approx. -2.5 to +2.5);GOV_WGI_CC.EST;-0,7915263;-0,9810075;-0,8944903;-0,8700694;-0,8308534;-0,9528354;-0,9214158;-0,7989219;-0,7346162;-0,5421054;-0,6166503;-0,7090306;-0,7988269;-0,5401178;-0,6238901;-0,6740498;-0,5709681;-0,2854472;-0,2834875;-0,5684831;-0,5603681;-0,5575926
Mauritius;MUS;Control of Corruption - Governance estimate (approx. -2.5 to +2.5);GOV_WGI_CC.EST;0,3426669;0,3198001;0,3016043;0,2855506;0,3223687;0,2903886;0,4563263;0,4205264;0,4410037;0,343491;0,3259093;0,5303188;0,5643594;0,3592469;0,4004471;0,2458762;0,2162981;0,3492526;0,4145757;0,3762098;0,4550643;0,4571539
Mexico;MEX;Control of Corruption - Governance estimate (approx. -2.5 to +2.5);GOV_WGI_CC.EST;-0,853792;-0,8896518;-0,9427494;-0,9481326;-0,8211672;-0,8409039;-0,7528978;-0,5312775;-0,4579567;-0,4247504;-0,383217;-0,316012;-0,3871309;-0,4025577;-0,3379788;-0,4324374;-0,4561652;-0,3217359;-0,3231181;-0,052013;-0,4125421;-0,6581789
Micronesia, Fed. Sts.;FSM;Control of Corruption - Governance estimate (approx. -2.5 to +2.5);GOV_WGI_CC.EST;0,4040448;0,7791;0,7754912;0,7728719;0,7744119;0,8558006;0,8531295;-0,0428372;-0,0430928;-0,2277112;-0,1017024;-0,1026163;-0,102563;-0,1040768;-0,0392937;-0,0472444;0,2855074;..;..;..;..;..
Moldova;MDA;Control of Corruption - Governance estimate (approx. -2.5 to +2.5);GOV_WGI_CC.EST;-0,7308378;-0,7732817;-0,8713199;-0,9372312;-1,099628;-1,0385702;-0,9696877;-0,8114962;-0,7197195;-0,6534376;-0,6878966;-0,7723296;-0,8023372;-0,8311104;-0,8457784;-0,931449;-1,1664256;-1,0158162;-1,0149545;-0,4864883;-0,2232423;-0,1623574
Monaco;MCO;Control of Corruption - Governance estimate (approx. -2.5 to +2.5);GOV_WGI_CC.EST;1,1797991;1,8025255;1,7972711;1,7934572;1,7956995;1,7925654;..;..;..;..;..;..;..;..;..;..;..;..;..;..;..;..
Mongolia;MNG;Control of Corruption - Governance estimate (approx. -2.5 to +2.5);GOV_WGI_CC.EST;-0,6207183;-0,6152153;-0,5738488;-0,5320484;-0,6103892;-0,5866613;-0,5593028;-0,5605354;-0,6058663;-0,5822872;-0,6280549;-0,5759452;-0,6709369;-0,6428025;-0,5684421;-0,5181569;-0,3130479;-0,3307724;-0,1359898;-0,2507904;0,2461169;0,2481772
Montenegro;MNE;Control of Corruption - Governance estimate (approx. -2.5 to +2.5);GOV_WGI_CC.EST;-0,0359882;-0,0626438;-0,084888;-0,1096413;-0,1624556;-0,1544911;-0,1569916;-0,3423608;-0,337635;-0,559879;-0,5600266;-0,2631765;-0,2592603;-0,0957006;-0,0452344;-0,2683332;-0,2644387;-0,2615427;-0,1806393;-0,1687412;0,0025656;..
Morocco;MAR;Control of Corruption - Governance estimate (approx. -2.5 to +2.5);GOV_WGI_CC.EST;-0,408552;-0,4256594;-0,4751423;-0,3911459;-0,3146541;-0,3520552;-0,4165717;-0,4173212;-0,5029325;-0,5058263;-0,3011276;-0,3848958;-0,3770822;-0,3077874;-0,3493154;-0,5205989;-0,3883585;-0,3936459;-0,123071;-0,2831165;-0,0906577;-0,1050425
Mozambique;MOZ;Control of Corruption - Governance estimate (approx. -2.5 to +2.5);GOV_WGI_CC.EST;-0,7627176;-0,8757647;-0,8725989;-0,9645689;-0,9916519;-0,8687712;-0,8613414;-0,7525881;-0,5844214;-0,648115;-0,6420833;-0,5409016;-0,4411018;-0,5146029;-0,6055707;-0,6635625;-0,7101066;-0,6145358;-0,6641966;-0,555965;-0,2232819;-0,222016
Myanmar;MMR;Control of Corruption - Governance estimate (approx. -2.5 to +2.5);GOV_WGI_CC.EST;-0,6277817;-0,7649935;-0,7679218;-0,7617201;-0,8542762;-1,0035195;-1,0510924;-1,149632;-1,3191853;-1,1856058;-1,1870224;-1,5504204;-1,5318481;-1,532181;-1,5910295;-1,5927781;-1,5927276;-1,4964074;-1,4955136;-1,4928935;-1,4891924;-1,4879265
Namibia;NAM;Control of Corruption - Governance estimate (approx. -2.5 to +2.5);GOV_WGI_CC.EST;0,3917523;0,4318792;0,4425861;0,3675534;0,4077914;0,4537303;0,4361437;0,4707981;0,4912085;0,3080152;0,3382449;0,4769442;0,5812992;0,2818941;0,3198085;-0,0218682;-0,0108496;0,0648883;0,1007833;0,55599;0,5596911;0,9179483
Nauru;NRU;Control of Corruption - Governance estimate (approx. -2.5 to +2.5);GOV_WGI_CC.EST;0,449309;0,4480263;0,4429214;0,4392161;0,4413946;0,4974376;-0,2422592;-0,2200811;0,0871206;0,1120032;0,1239776;-0,1898956;-0,1896166;-0,1975356;..;..;..;..;..;..;..;..
Nepal;NPL;Control of Corruption - Governance estimate (approx. -2.5 to +2.5);GOV_WGI_CC.EST;-0,701157;-0,7367895;-0,7384128;-0,781145;-0,8461695;-0,8308294;-0,8428983;-0,9181893;-0,9736551;-0,8315433;-0,7276755;-0,7575981;-0,8631829;-0,7834809;-0,735571;-0,8728544;-0,9235359;-0,3414469;-0,5220089;-0,5326758;-0,5260528;-0,5232773
Netherlands;NLD;Control of Corruption - Governance estimate (approx. -2.5 to +2.5);GOV_WGI_CC.EST;2,0646075;1,9497836;1,9465556;1,8270031;1,9077694;1,8631148;1,9485;1,9281622;2,0604599;2,0151382;1,9892792;2,0386844;2,0721003;2,0981723;2,0600723;1,9826747;1,9056799;2,0071151;2,0243224;2,1695715;2,2334567;2,2506276
Netherlands Antilles;ANT;Control of Corruption - Governance estimate (approx. -2.5 to +2.5);GOV_WGI_CC.EST;..;..;..;0,8573873;0,8596296;0,8564955;0,8526063;0,8569702;0,8565981;0,8614942;0,8638503;0,8629097;1,3309995;1,3294413;1,3353033;1,3271197;0,5124336;..;..;..;..;..
New Caledonia;NCL;Control of Corruption - Governance estimate (approx. -2.5 to +2.5);GOV_WGI_CC.EST;..;..;..;..;..;..;..;..;..;..;..;..;..;..;..;..;..;..;..;..;..;..
New Zealand;NZL;Control of Corruption - Governance estimate (approx. -2.5 to +2.5);GOV_WGI_CC.EST;2,154305;2,1526849;2,0940331;2,169806;2,2087113;2,1997554;2,1663289;2,1951607;2,1842584;2,2483581;2,2287548;2,2791384;2,2557956;2,2640781;2,2946774;2,2001559;2,2088428;2,2516947;2,2344037;2,2807543;2,3877064;2,3420297
Nicaragua;NIC;Control of Corruption - Governance estimate (approx. -2.5 to +2.5);GOV_WGI_CC.EST;-1,1373893;-1,2048569;-1,2181897;-1,0961543;-1,094141;-1,0165801;-0,9953873;-0,815753;-0,843244;-0,8486233;-0,8482531;-0,8179046;-0,825777;-0,8209443;-0,7299823;-0,7076327;-0,5554549;-0,7451009;-0,8248309;-0,8559534;-0,7522208;-0,4894379
Niger;NER;Control of Corruption - Governance estimate (approx. -2.5 to +2.5);GOV_WGI_CC.EST;-0,5299909;-0,4388368;-0,4471908;-0,4352048;-0,4203841;-0,4307116;-0,4434815;-0,374697;-0,4350721;-0,5110744;-0,6019841;-0,6322887;-0,5497619;-0,6805262;-0,772063;-0,7805882;-0,8820479;-1,0033408;-1,0018861;-0,9976217;-1,2942051;-0,7843911
Nigeria;NGA;Control of Corruption - Governance estimate (approx. -2.5 to +2.5);GOV_WGI_CC.EST;-1,1178348;-1,1258494;-1,1452871;-1,1443962;-1,0910815;-1,1613946;-1,2981195;-1,1851958;-1,1466737;-1,1407268;-1,1312205;-1,0705308;-1,0428079;-1,1576585;-1,1887753;-1,2796302;-1,3957478;-1,5156767;-1,6883572;-1,427429;-1,3225666;-1,1619134
Niue;NIU;Control of Corruption - Governance estimate (approx. -2.5 to +2.5);GOV_WGI_CC.EST;..;..;..;..;..;-0,3540286;-0,3625003;-0,3529946;-0,3538052;-0,3431404;-0,3380081;-0,340057;..;..;..;..;..;..;..;..;..;..
North Macedonia;MKD;Control of Corruption - Governance estimate (approx. -2.5 to +2.5);GOV_WGI_CC.EST;-0,456977;-0,4600252;-0,3408572;-0,2620741;-0,2959049;-0,3062159;-0,1454438;-0,0923631;-0,1278506;-0,3397578;-0,3133081;-0,2499787;-0,2650308;-0,2757399;-0,2936871;-0,516346;-0,4915743;-0,9069409;-0,8826737;-0,9284927;-0,6001006;-0,5970382
Norway;NOR;Control of Corruption - Governance estimate (approx. -2.5 to +2.5);GOV_WGI_CC.EST;2,0836375;2,0603725;2,0857026;2,1682749;2,1206565;2,1755199;2,1311201;2,1405464;2,1281645;2,0777923;1,9314806;1,8987615;1,8541704;1,912833;2,0946634;2,0172526;1,8590594;2,0211967;2,0686406;2,0714407;2,2219721;2,2358014
Oman;OMN;Control of Corruption - Governance estimate (approx. -2.5 to +2.5);GOV_WGI_CC.EST;0,0239194;0,1612579;-0,0203366;-0,0211191;-0,020659;-0,0016798;0,0116479;-0,0651045;-0,0252945;-0,0352342;0,276183;0,3084555;0,3348495;0,3274633;0,5045908;0,5527816;0,5924371;0,5541684;0,6811065;0,6950737;0,6987748;0,5024369
Pakistan;PAK;Control of Corruption - Governance estimate (approx. -2.5 to +2.5);GOV_WGI_CC.EST;-0,9370003;-0,9714617;-0,9640896;-0,935034;-0,9729255;-0,981117;-1,0043761;-1,1290617;-1,2451954;-1,2203431;-1,2022076;-1,1784502;-1,0382107;-0,8461032;-0,8810819;-1,0743073;-1,0879191;-0,9225643;-0,9135442;-0,9743969;-0,8007442;-1,1564696
Palau;PLW;Control of Corruption - Governance estimate (approx. -2.5 to +2.5);GOV_WGI_CC.EST;0,449309;0,4480263;0,4429214;0,4392161;0,4413946;0,4974376;-0,2422592;-0,2200811;-0,2219721;-0,1970895;-0,1851151;-0,1898956;-0,1896166;..;..;..;..;..;..;..;..;..
Panama;PAN;Control of Corruption - Governance estimate (approx. -2.5 to +2.5);GOV_WGI_CC.EST;-0,5190072;-0,5437066;-0,5480745;-0,5589479;-0,5035567;-0,4240394;-0,3942406;-0,4300887;-0,459041;-0,3472258;-0,3394637;-0,2986068;-0,2174086;-0,4810331;-0,4315926;-0,4800212;-0,4036408;-0,4114857;-0,4770594;-0,4847694;-0,3258455;-0,3245796
Papua New Guinea;PNG;Control of Corruption - Governance estimate (approx. -2.5 to +2.5);GOV_WGI_CC.EST;-0,5484433;-0,9871229;-0,940001;-0,9946183;-0,984655;-0,9734974;-0,9742497;-1,0035819;-1,0036539;-0,9769416;-0,9715433;-1,0987722;-1,0818488;-1,0483268;-1,0546271;-1,1920123;-1,1020596;-0,8519142;-0,8510205;-0,6890129;-0,3665368;-0,3270546
Paraguay;PRY;Control of Corruption - Governance estimate (approx. -2.5 to +2.5);GOV_WGI_CC.EST;-0,8101421;-0,8760395;-0,8709501;-0,8291544;-0,8070807;-0,9511009;-0,9760553;-0,9476908;-0,7579324;-0,6726051;-0,7003918;-0,856384;-0,8979854;-1,0561472;-0,9845011;-1,26164;-1,3774883;-1,5857992;-1,6027924;-1,4568712;-1,4685317;-1,269662
Peru;PER;Control of Corruption - Governance estimate (approx. -2.5 to +2.5);GOV_WGI_CC.EST;-0,4980887;-0,490189;-0,5877892;-0,5931876;-0,5112656;-0,5919962;-0,5816106;-0,3990422;-0,3605037;-0,2482217;-0,2613416;-0,3848159;-0,302611;-0,3556672;-0,260941;-0,4001666;-0,4101705;-0,057581;-0,2430338;-0,511564;-0,565847;-0,4211294
Philippines;PHL;Control of Corruption - Governance estimate (approx. -2.5 to +2.5);GOV_WGI_CC.EST;-0,5392618;-0,6111557;-0,6388345;-0,636865;-0,613111;-0,5904253;-0,5826913;-0,4981709;-0,633583;-0,5655339;-0,7820844;-0,8274589;-0,6874488;-0,6865834;-0,6610348;-0,7396312;-0,6581411;-0,6453602;-0,7011591;-0,6204556;-0,2641975;-0,3548232
Poland;POL;Control of Corruption - Governance estimate (approx. -2.5 to +2.5);GOV_WGI_CC.EST;0,7442004;0,7162582;0,776821;0,8294474;0,8706559;0,8356935;0,773833;0,8071492;0,8135218;0,7618911;0,6391266;0,5739409;0,4272964;0,3179195;0,3249713;0,2504764;0,1126454;0,3611585;0,3442164;0,4963041;0,7501549;0,8425298
Portugal;PRT;Control of Corruption - Governance estimate (approx. -2.5 to +2.5);GOV_WGI_CC.EST;0,795911;0,7971215;0,803067;0,8191801;0,7134054;0,7238455;0,6840178;0,7363017;0,7983905;0,7934673;0,741273;0,8871941;0,92888;0,9121206;0,8841299;1,1939157;1,1930716;1,225262;1,2667352;1,3034246;1,3910335;1,5765051
Puerto Rico (US);PRI;Control of Corruption - Governance estimate (approx. -2.5 to +2.5);GOV_WGI_CC.EST;0,2833466;0,2828827;0,2420261;0,2407217;0,2525954;0,2515234;0,4739515;0,5242394;0,5734808;0,5095491;0,5568988;0,5692707;0,4780849;0,4928521;0,6400965;1,3271197;1,0419275;1,332687;1,3358417;0,8770548;0,4220833;0,4265514
Qatar;QAT;Control of Corruption - Governance estimate (approx. -2.5 to +2.5);GOV_WGI_CC.EST;0,8746817;0,8776184;0,7493739;0,7457912;0,8601436;0,8450167;0,8617689;1,1766023;1,1558661;1,1504795;1,3446901;1,3734502;1,0956962;0,9099992;0,8261586;0,666323;0,5543046;0,5949337;0,5957195;0,4560717;0,0645652;0,0474585
Reunion;REU;Control of Corruption - Governance estimate (approx. -2.5 to +2.5);GOV_WGI_CC.EST;0,5557528;0,5544325;0,549178;0,5453642;0,5476065;0,5444724;0,5405831;0,8569702;0,8565981;0,8614942;0,8638503;0,8629097;0,8629646;0,8614064;0,8672683;0,8590847;0,8150013;..;..;..;..;..
Romania;ROU;Control of Corruption - Governance estimate (approx. -2.5 to +2.5);GOV_WGI_CC.EST;-0,0497221;-0,1199219;-0,168955;-0,0489884;-0,0698652;-0,0980377;-0,2306942;-0,282036;-0,3587285;-0,1779463;-0,2925809;-0,3246557;-0,2941655;-0,3353236;-0,2549146;-0,3537715;-0,3281934;-0,5530621;-0,565959;-0,551398;-0,4340628;-0,2570551
Russian Federation;RUS;Control of Corruption - Governance estimate (approx. -2.5 to +2.5);GOV_WGI_CC.EST;-0,7746533;-0,7696119;-0,8887365;-0,9134357;-0,8264543;-0,9134362;-0,8876289;-1,002184;-1,0688998;-0,9445528;-1,0755486;-1,1618478;-1,140195;-1,0809178;-0,9771356;-0,9104202;-0,8915877;-1,0015646;-1,1090206;-1,0851239;-0,9161899;-0,9704328
Rwanda;RWA;Control of Corruption - Governance estimate (approx. -2.5 to +2.5);GOV_WGI_CC.EST;0,5134655;0,4520132;0,4362084;0,5061897;0,5807531;0,5000821;0,4896227;0,4277974;0,4271324;0,2939461;0,2778291;0,0325468;0,0459088;-0,1290585;-0,2240572;-0,3597549;-0,3583417;-0,717537;-0,7155773;-0,7486237;-0,8061555;-0,80338
Samoa;WSM;Control of Corruption - Governance estimate (approx. -2.5 to +2.5);GOV_WGI_CC.EST;0,8109135;0,6220257;0,618417;0,6157976;0,1887409;0,1792839;0,1770585;0,1795555;0,1793426;0,1821441;0,1834923;0,206813;0,2745725;0,2735024;0,2775284;0,2719079;-0,1683446;-0,0714178;-0,0682631;-0,0590151;-0,0459516;-0,0414836
San Marino;SMR;Control of Corruption - Governance estimate (approx. -2.5 to +2.5);GOV_WGI_CC.EST;1,1797991;1,1784788;1,1732244;1,1694105;1,1716528;1,1685187;..;..;..;..;..;..;..;..;..;..;..;..;..;..;..;..
Sao Tome and Principe;STP;Control of Corruption - Governance estimate (approx. -2.5 to +2.5);GOV_WGI_CC.EST;0,0892524;0,1759771;0,1565474;0,0961284;-0,1169146;-0,079769;-0,0806894;-0,1937576;-0,1592074;-0,1580216;-0,2249869;-0,24061;-0,2913022;-0,3761365;-0,4591737;-0,4171686;-0,322845;-0,0821514;0,2105487;0,2162935;0,3392902;0,3420657
Saudi Arabia;SAU;Control of Corruption - Governance estimate (approx. -2.5 to +2.5);GOV_WGI_CC.EST;0,32153;0,2130276;0,1556309;0,1100011;0,1203849;-0,1409921;-0,2508778;-0,1775677;-0,1950621;-0,2131986;-0,1216644;-0,2616499;-0,2015154;-0,3219808;-0,3260851;-0,4021855;-0,4781623;-0,2735569;-0,0396103;-0,3867394;-0,3830383;-0,3817724
Senegal;SEN;Control of Corruption - Governance estimate (approx. -2.5 to +2.5);GOV_WGI_CC.EST;-0,0155587;-0,0003287;0,0271111;-0,0177432;0,0315258;0,0806391;0,03561;-0,2217899;-0,2609003;-0,3719629;-0,5598176;-0,4445787;-0,3730449;-0,3662597;-0,2938212;-0,1842273;-0,1539579;-0,1646498;0,3635809;0,1512895;0,1549906;-0,0413473
Serbia;SRB;Control of Corruption - Governance estimate (approx. -2.5 to +2.5);GOV_WGI_CC.EST;-0,3682278;-0,3635548;-0,3869522;-0,4082156;-0,3507415;-0,3238735;-0,2208569;-0,3686591;-0,392706;-0,3321697;-0,3659138;-0,3340541;-0,310971;-0,3109326;-0,2366528;-0,6247597;-0,609888;-0,749599;-1,165171;-1,1701307;-1,2904086;-1,0351882
Seychelles;SYC;Control of Corruption - Governance estimate (approx. -2.5 to +2.5);GOV_WGI_CC.EST;1,1448063;1,0734136;0,8163729;0,7220791;0,9114965;0,9238577;0,4713108;0,4170086;0,4106607;0,4403622;0,4410844;0,4120842;0,1133127;0,112835;0,1146319;0,1121234;0,2196211;0,727407;0,6681958;0,6291815;0,6372965;0,640072
Sierra Leone;SLE;Control of Corruption - Governance estimate (approx. -2.5 to +2.5);GOV_WGI_CC.EST;-0,4611415;-0,5128985;-0,5315771;-0,6651075;-0,8266362;-0,7988086;-0,8422333;-0,8015967;-0,7690941;-0,6666656;-0,6318848;-0,7565101;-0,8908093;-0,9569309;-1,0120347;-1,0388939;-0,8325731;-0,8124904;-0,8043632;-0,6703916;-0,6643678;-0,6468024
Singapore;SGP;Control of Corruption - Governance estimate (approx. -2.5 to +2.5);GOV_WGI_CC.EST;2,1272918;2,1188705;2,1254362;2,1125052;2,1044197;2,0799858;2,0560463;2,0543133;2,0881784;2,0725464;2,07204;2,1408814;2,1684032;2,1699161;2,1499328;2,0030373;2,0039426;2,1045874;2,1109512;1,9003615;1,8735456;1,9582214
Slovak Republic;SVK;Control of Corruption - Governance estimate (approx. -2.5 to +2.5);GOV_WGI_CC.EST;0,4197316;0,2499712;0,26406;0,2266169;0,2841166;0,192681;0,1860971;0,1495037;0,1773254;0,2279303;0,2279608;0,1802111;0,3196223;0,3825594;0,4786729;0,4467467;0,3615812;0,2910522;0,0410618;0,3704864;0,4457632;0,3681126
Slovenia;SVN;Control of Corruption - Governance estimate (approx. -2.5 to +2.5);GOV_WGI_CC.EST;0,7760206;0,848482;0,819582;0,7942102;0,7620923;0,6575394;0,6036712;0,6001872;0,6842766;0,6998632;0,7280642;0,9078798;0,8826006;0,9858268;0,9608579;0,8361885;0,8698542;0,7897525;0,7811225;0,8333011;1,2885431;1,3623532
Solomon Islands;SLB;Control of Corruption - Governance estimate (approx. -2.5 to +2.5);GOV_WGI_CC.EST;-0,0256466;0,0004546;-0,1478206;-0,1494384;-0,4109498;-0,4012117;-0,3998249;-0,4050309;-0,4011688;-0,4275879;-0,411536;-0,3177363;-0,4231645;-0,4805075;-0,2837935;-0,0437549;-0,19366;-0,0672779;-0,0632192;-0,0482312;0,4104457;0,4161941
Somalia, Fed. Rep.;SOM;Control of Corruption - Governance estimate (approx. -2.5 to +2.5);GOV_WGI_CC.EST;-1,5494727;-1,6343465;-1,8064206;-1,721871;-1,7350014;-1,7297878;-1,7399457;-1,6455131;-1,649052;-1,6615444;-1,684578;-1,5862218;-1,6858822;-1,6552547;-1,6536954;-1,657789;-1,6442627;-1,6112183;-1,3939436;-1,6143592;-1,6183029;-1,6162426
South Africa;ZAF;Control of Corruption - Governance estimate (approx. -2.5 to +2.5);GOV_WGI_CC.EST;0,0256677;0,0349803;-0,0473418;-0,0798664;0,0306383;0,0114254;-0,0143828;-0,0335595;-0,0291712;0,1087565;0,093303;0,1056357;0,1596049;0,3081368;0,4594323;0,3388716;0,2207295;0,1374478;0,2011764;0,4726792;0,7117398;0,8660995
South Sudan;SSD;Control of Corruption - Governance estimate (approx. -2.5 to +2.5);GOV_WGI_CC.EST;-1,8068367;-1,8861426;-1,8304337;-1,7562035;-1,7919554;-1,7707477;-1,7182797;-1,4236144;-1,3417825;-1,2275676;-0,2141741;..;..;..;..;..;..;..;..;..;..;..
Spain;ESP;Control of Corruption - Governance estimate (approx. -2.5 to +2.5);GOV_WGI_CC.EST;0,8309019;0,8202611;0,7455087;0,5939905;0,6246332;0,5903482;0,5991782;0,7866619;1,1056885;1,1180861;1,0363797;1,0216805;1,1454928;1,0458322;1,1783348;1,2563014;1,2365966;1,5377704;1,5119264;1,4831976;1,6066403;1,5109982
Sri Lanka;LKA;Control of Corruption - Governance estimate (approx. -2.5 to +2.5);GOV_WGI_CC.EST;-0,2760375;-0,1639347;-0,2047049;-0,3078328;-0,2510246;-0,3413605;-0,4501459;-0,3103438;-0,3066483;-0,2480769;-0,2614436;-0,1917813;-0,2673437;-0,1378825;-0,2264761;-0,2423443;-0,0555028;-0,2136698;-0,1750525;-0,0608854;0,0895557;0,0908216
St. Kitts and Nevis;KNA;Control of Corruption - Governance estimate (approx. -2.5 to +2.5);GOV_WGI_CC.EST;0,3247512;0,324202;0,4031973;0,4660328;0,4304457;0,429142;-0,0834636;1,3250051;1,3246331;1,3295291;1,3318853;1,0478893;1,0479318;1,0467254;1,0512639;1,0449279;0,1506398;..;..;..;..;..
St. Lucia;LCA;Control of Corruption - Governance estimate (approx. -2.5 to +2.5);GOV_WGI_CC.EST;0,37834;0,4745651;0,4535507;0,5017334;0,5712704;0,5702666;0,3501512;1,1698184;1,1696019;1,350032;1,3516835;1,1348543;1,1348862;1,1339794;1,1373909;1,1326284;0,2092037;..;..;..;..;..
St. Vincent and the Grenadines;VCT;Control of Corruption - Governance estimate (approx. -2.5 to +2.5);GOV_WGI_CC.EST;0,7606733;0,7602069;0,7531367;0,7018791;0,6777104;0,6766032;0,6052154;1,1550203;1,1547595;1,1581912;1,1598426;0,9755701;0,9756021;0,9746953;0,9781067;0,9733442;0,2092037;..;..;..;..;..
Sudan;SDN;Control of Corruption - Governance estimate (approx. -2.5 to +2.5);GOV_WGI_CC.EST;-1,3828975;-1,471089;-1,5184609;-1,480461;-1,4810828;-1,4808042;-1,5461064;-1,5693861;-1,5721655;-1,4660139;-1,4777406;-1,429129;-1,4268295;-1,3131025;-1,2022545;-1,4150092;-1,3060194;-1,3168528;-1,1833566;-1,1657662;-1,3178034;-1,3165375
Suriname;SUR;Control of Corruption - Governance estimate (approx. -2.5 to +2.5);GOV_WGI_CC.EST;-0,3026185;-0,281896;-0,2886333;-0,1954152;-0,1787366;-0,202065;-0,3215014;-0,1615538;-0,1383846;-0,1481547;-0,1624579;-0,1101563;0,1073481;0,0924046;0,139396;0,2853308;0,2578046;0,3254934;0,3269481;0,590627;0,3808309;0,3828912
Sweden;SWE;Control of Corruption - Governance estimate (approx. -2.5 to +2.5);GOV_WGI_CC.EST;2,1337232;2,1292113;2,1157895;2,1093078;2,1058509;2,0948719;2,0070816;2,07534;2,1691497;2,1230571;2,1306982;2,1435016;2,1588003;2,1579783;2,1381523;2,0329723;2,0262663;2,1571809;2,3170467;2,3793714;2,4838595;2,4786918
Switzerland;CHE;Control of Corruption - Governance estimate (approx. -2.5 to +2.5);GOV_WGI_CC.EST;2,2868791;2,3009699;2,2937762;2,3027582;2,2830399;2,2702247;2,2607465;2,1291279;2,1649502;2,0892423;2,0649103;2,0499015;2,176294;2,1803588;2,1927741;1,9821243;1,8671879;1,9749083;1,9920292;2,0063342;2,1016385;2,1073252
Syrian Arab Republic;SYR;Control of Corruption - Governance estimate (approx. -2.5 to +2.5);GOV_WGI_CC.EST;-1,6873687;-1,6558161;-1,5912541;-1,5920556;-1,5915844;-1,5307718;-1,5306381;-1,2083482;-1,1901653;-1,106722;-1,0905246;-1,0457825;-1,0982609;-1,0765041;-0,9608346;-0,9567733;-0,9659962;-0,9507806;-0,752283;-1,0798691;-0,736979;-0,7357131
Taiwan, China;TWN;Control of Corruption - Governance estimate (approx. -2.5 to +2.5);GOV_WGI_CC.EST;1,2220799;1,1520551;1,1111147;1,1135089;1,0424792;0,9491229;0,9601462;0,7588965;0,7977317;0,83576;0,8031293;0,5902197;0,5924918;0,5776909;0,6504135;1,0169082;0,9644175;0,8758504;0,8603626;0,60735;0,6533347;0,7674277
Tajikistan;TJK;Control of Corruption - Governance estimate (approx. -2.5 to +2.5);GOV_WGI_CC.EST;-1,083847;-1,2721994;-1,3482752;-1,2132801;-1,1861023;-1,2043521;-1,2400034;-1,3323463;-1,3105533;-1,2406842;-1,3765192;-1,2681926;-1,2558509;-1,0629799;-1,0710889;-1,3079375;-1,3298111;-1,3185785;-1,3167668;-1,4233314;-1,2584871;-1,3567072
Tanzania;TZA;Control of Corruption - Governance estimate (approx. -2.5 to +2.5);GOV_WGI_CC.EST;-0,2540505;-0,2829332;-0,3396123;-0,3504596;-0,4354617;-0,5825641;-0,6311616;-0,6530961;-0,6184419;-0,5267179;-0,4933733;-0,3744225;-0,3475883;-0,3125541;-0,2154179;-0,6690656;-0,6049575;-0,7197376;-0,7577637;-0,7256696;-0,7219685;-0,5613152
Thailand;THA;Control of Corruption - Governance estimate (approx. -2.5 to +2.5);GOV_WGI_CC.EST;-0,3820186;-0,3854632;-0,3729339;-0,3709316;-0,4087195;-0,5473428;-0,4462936;-0,2742545;-0,3712467;-0,1472189;-0,2171947;-0,169331;-0,300509;-0,2413121;-0,4581751;-0,3525114;-0,4376628;-0,55629;-0,5285957;-0,1190676;-0,1171064;-0,1834154
Timor-Leste;TLS;Control of Corruption - Governance estimate (approx. -2.5 to +2.5);GOV_WGI_CC.EST;-0,4242787;-0,4385968;-0,5893993;-0,6807561;-0,6402264;-0,6466857;-0,6498965;-0,7354721;-0,8076596;-0,8197424;-0,72329;-0,7398242;-0,4884552;-0,4973819;-0,4174029;-0,3228731;-0,1635481;-0,1590887;-0,0548282;..;..;..
Togo;TGO;Control of Corruption - Governance estimate (approx. -2.5 to +2.5);GOV_WGI_CC.EST;-0,6448059;-0,7066703;-0,7549576;-0,7306167;-0,6534352;-0,6308001;-0,7916328;-0,8443157;-0,8189184;-0,8497363;-0,7861702;-1,0333147;-1,0401869;-1,0360718;-1,0720376;-0,9351421;-0,9227871;-0,9025728;-0,9011181;-0,7671465;-0,805423;-0,7269447
Tonga;TON;Control of Corruption - Governance estimate (approx. -2.5 to +2.5);GOV_WGI_CC.EST;-0,2816956;-0,4390652;-0,0849916;-0,2362921;-0,5920893;-0,5938826;-0,5841786;-0,2246013;-0,2248143;-0,2220127;-0,232594;-0,6196342;-0,6398446;-1,0586474;-1,3261436;-1,3317641;0,0964022;..;..;..;..;..
Trinidad and Tobago;TTO;Control of Corruption - Governance estimate (approx. -2.5 to +2.5);GOV_WGI_CC.EST;-0,1941792;-0,2006209;-0,2775407;-0,259017;-0,2563576;-0,2917364;-0,4187145;-0,1579496;-0,1055709;-0,0897853;-0,1175861;-0,0252713;-0,0630559;-0,0413562;-0,0010415;0,176292;0,162558;0,1990394;0,2514787;0,4326562;0,6491892;0,8480589
Tunisia;TUN;Control of Corruption - Governance estimate (approx. -2.5 to +2.5);GOV_WGI_CC.EST;-0,019263;-0,028667;0,0013374;-0,0490024;-0,0577613;-0,0143711;0,012509;-0,0117731;0,0016466;0,0507;-0,1941292;-0,2882811;-0,2982599;-0,1142205;-0,0584309;-0,2831211;-0,1547903;-0,2307968;-0,0488823;-0,3715771;-0,367876;-0,3666101
Turkiye;TUR;Control of Corruption - Governance estimate (approx. -2.5 to +2.5);GOV_WGI_CC.EST;-0,3242268;-0,1801871;-0,2317166;-0,0665516;-0,0845918;-0,1063785;-0,1089047;0,1399698;0,1585192;0,0464784;0,0487911;0,0307792;0,0490015;0,074927;0,0500441;-0,0714981;-0,1644536;-0,1638257;-0,3621286;-0,3526636;-0,5889955;-0,2888679
Turkmenistan;TKM;Control of Corruption - Governance estimate (approx. -2.5 to +2.5);GOV_WGI_CC.EST;-1,3595471;-1,362369;-1,4516946;-1,4526795;-1,464505;-1,4615973;-1,4626017;-1,5017629;-1,4981376;-1,4968733;-1,4962648;-1,4965077;-1,4890508;-1,4844913;-1,4829775;-1,4850909;-1,2851035;-0,9964425;-0,9945334;-0,8321403;-0,7981018;-0,9244235
Tuvalu;TUV;Control of Corruption - Governance estimate (approx. -2.5 to +2.5);GOV_WGI_CC.EST;0,2051999;0,3922741;-0,0399314;-0,0425507;-0,0410107;-0,0431632;-0,0458344;-0,2308182;-0,2310738;-0,1039915;-0,1017024;-0,1026163;-0,102563;-0,1040768;-0,0392937;-0,0472444;0,6637174;..;..;..;..;..
Uganda;UGA;Control of Corruption - Governance estimate (approx. -2.5 to +2.5);GOV_WGI_CC.EST;-0,9361422;-1,1024791;-1,0296281;-1,0168329;-0,9946961;-1,0129557;-0,9884745;-0,9342784;-0,8567334;-0,7939237;-0,7605074;-0,7593312;-0,7073;-0,7161406;-0,6436842;-0,8971513;-0,8321844;-1,0880722;-1,1472765;-1,1308156;-1,097174;-0,6802866
Ukraine;UKR;Control of Corruption - Governance estimate (approx. -2.5 to +2.5);GOV_WGI_CC.EST;-0,8309526;-0,782195;-0,9896988;-0,9532072;-1,0150766;-1,0636259;-1,0708377;-1,209471;-1,2152257;-1,1275052;-1,1211122;-1,0904026;-0,9761621;-0,954175;-0,9111879;-0,9260936;-1,1123487;-1,3389776;-1,3131065;-1,2104628;-1,219501;-1,0248734
United Arab Emirates;ARE;Control of Corruption - Governance estimate (approx. -2.5 to +2.5);GOV_WGI_CC.EST;1,0614313;1,0878297;1,0948106;1,0762151;1,1064348;0,9199437;0,9856797;1,1513193;1,0894763;1,1319379;0,9100894;0,8451488;0,9123012;0,7779631;0,7816632;0,7573962;0,7749327;0,8866525;0,770858;0,2364244;0,2401255;0,2413913
United Kingdom;GBR;Control of Corruption - Governance estimate (approx. -2.5 to +2.5);GOV_WGI_CC.EST;1,7210258;1,7674285;1,8043714;1,8161165;1,7599161;1,6542704;1,5201669;1,504608;1,4826832;1,4486391;1,3760491;1,3683606;1,573173;1,6278157;1,7309828;1,9020685;1,8359316;1,9558108;1,9357319;2,0302113;2,0973941;2,0506202
United States;USA;Control of Corruption - Governance estimate (approx. -2.5 to +2.5);GOV_WGI_CC.EST;1,124297;1,1719722;1,2504255;1,3058193;1,2420313;1,2367604;1,2391968;1,180704;1,263101;1,2705574;1,1573891;1,1486487;1,3233739;1,2346554;1,2941505;1,4877645;1,6149113;1,5264422;1,8239201;1,566107;1,6107755;1,6795863
Uruguay;URY;Control of Corruption - Governance estimate (approx. -2.5 to +2.5);GOV_WGI_CC.EST;1,5144744;1,3889225;1,3627449;1,3464781;1,3854382;1,2570517;1,288067;1,3468082;1,3317592;1,3457663;1,3461634;1,196035;1,1793592;1,0493699;1,0023353;0,9349505;0,7994107;0,9941983;1,0087146;0,9103337;0,9906064;0,9918722
Uzbekistan;UZB;Control of Corruption - Governance estimate (approx. -2.5 to +2.5);GOV_WGI_CC.EST;-0,8356942;-1,1224344;-1,2111454;-1,2448456;-1,2283125;-1,2590619;-1,2360262;-1,2602046;-1,3688011;-1,4422773;-1,3718693;-1,3731472;-1,221967;-1,2191216;-1,2178175;-1,4380121;-1,2435529;-1,1057682;-1,0900414;-1,2907622;-1,1608581;-1,2362291
Vanuatu;VUT;Control of Corruption - Governance estimate (approx. -2.5 to +2.5);GOV_WGI_CC.EST;-0,0267151;-0,1851487;-0,1863588;-0,0663812;-0,1179482;-0,0938241;0,4750184;0,4393991;0,4102544;0,4019909;0,4030639;0,4125641;0,4125895;0,4118688;0,3154434;0,311482;-0,0880899;0,1273922;0,1314509;0,1433489;0,1601556;0,165904
Venezuela, RB;VEN;Control of Corruption - Governance estimate (approx. -2.5 to +2.5);GOV_WGI_CC.EST;-1,5783233;-1,5948486;-1,5949165;-1,4525617;-1,4158486;-1,4246938;-1,4287488;-1,3024872;-1,2642649;-1,1254851;-1,2608652;-1,26445;-1,3074351;-1,2819329;-1,086031;-1,0800689;-0,9992689;-1,072741;-1,0638596;-0,6589923;-0,8017367;-0,7791338
Viet Nam;VNM;Control of Corruption - Governance estimate (approx. -2.5 to +2.5);GOV_WGI_CC.EST;-0,3131812;-0,3621433;-0,3951053;-0,4238211;-0,3566885;-0,3774131;-0,3619414;-0,4169478;-0,4625662;-0,3588098;-0,4115989;-0,3164174;-0,3559755;-0,4258129;-0,5812801;-0,7912065;-0,8049471;-0,6741923;-0,8009422;-0,7574343;-0,7910719;-0,6981691
Virgin Islands (U.S.);VIR;Control of Corruption - Governance estimate (approx. -2.5 to +2.5);GOV_WGI_CC.EST;-0,0682939;0,5544325;0,549178;0,5453642;0,5476065;0,5444724;0,5405831;0,8569702;0,8565981;0,8614942;0,8638503;0,8629097;0,8629646;0,8614064;0,8672683;0,8590847;0,5502545;..;..;..;..;..
West Bank and Gaza;PSE;Control of Corruption - Governance estimate (approx. -2.5 to +2.5);GOV_WGI_CC.EST;-0,5368921;-0,3181337;-0,3037653;-0,3074945;-0,2822615;-0,4552156;-0,4330927;-0,3344603;-0,4289722;-0,4653574;-0,0181378;-0,0190615;-0,453152;-0,2175811;-0,3012835;-0,2615283;0,023597;-0,3684158;-0,3664561;-0,3607113;-0,3525964;-0,3498209
Yemen, Rep.;YEM;Control of Corruption - Governance estimate (approx. -2.5 to +2.5);GOV_WGI_CC.EST;-1,5997174;-1,7416979;-1,7530313;-1,5909747;-1,6101168;-1,4855019;-1,501667;-1,2149396;-1,2532021;-1,1246744;-1,0527598;-0,9427824;-0,7667813;-0,8370202;-0,8073546;-1,076701;-1,1650891;-1,1136512;-1,0702408;-0,9082332;-0,8950056;-0,6961359
Zambia;ZMB;Control of Corruption - Governance estimate (approx. -2.5 to +2.5);GOV_WGI_CC.EST;-0,6050749;-0,6455711;-0,6165275;-0,4640612;-0,423831;-0,3951759;-0,3904035;-0,305174;-0,2693226;-0,273637;-0,369043;-0,3090289;-0,3459069;-0,3472209;-0,392071;-0,6039345;-0,6055574;-0,8093898;-0,8018168;-0,9273562;-0,8234682;-0,8256046
Zimbabwe;ZWE;Control of Corruption - Governance estimate (approx. -2.5 to +2.5);GOV_WGI_CC.EST;-1,1729479;-1,2833802;-1,3111277;-1,2922875;-1,3004061;-1,3029239;-1,4973623;-1,3977252;-1,3288997;-1,4551794;-1,4687145;-1,5461452;-1,5353415;-1,402998;-1,3723553;-1,498948;-1,406789;-1,4178284;-1,3673207;-1,2771243;-0,6806343;-0,396614
;;;;;;;;;;;;;;;;;;;;;;;;;
;;;;;;;;;;;;;;;;;;;;;;;;;
;;;;;;;;;;;;;;;;;;;;;;;;;
Data from database: Worldwide Governance Indicators;;;;;;;;;;;;;;;;;;;;;;;;;
Last Updated: 03/18/2026;;;;;;;;;;;;;;;;;;;;;;;;;
