Country Name;Country Code;Series Name;Series Code;1990;1991;1992;1993;1994;1995;1996;1997;1998;1999;2000;2001;2002;2003;2004;2005;2006;2007;2008;2009;2010;2011;2012;2013;2014;2015;2016;2017;2018;2019;2020
Afghanistan;AFG;Gross capital formation (% of GDP);NE.GDI.TOTL.ZS;..;..;..;..;..;..;..;..;..;..;..;..;..;..;..;..;..;..;..;..;..;..;..;..;..;..;..;..;..;..;11,5
Albania;ALB;Gross capital formation (% of GDP);NE.GDI.TOTL.ZS;30,36094681;7,603111096;5,656684102;13,67613745;18,8965849;16,42712398;21,14751527;19,75878077;22,7895726;24,27151096;34,04013922;38,22804532;38,57533582;36,72212843;36,33194723;38,38438925;37,33895647;35,66887586;33,30567077;32,4404588;32,49262263;33,83760915;29,71502789;29,05663789;28,30478228;27,81346484;26,81434601;27,65759319;27,12529941;25,28752561;26,21834725
Algeria;DZA;Gross capital formation (% of GDP);NE.GDI.TOTL.ZS;28,58942067;31,8413271;30,75748942;29,09090811;30,08014286;30,90855624;25,67841426;22,44697253;27,14848166;26,24768467;23,5639069;29,40251857;32,42214978;32,08082139;32,85144764;31,17507551;30,36211976;33,57154599;35,53693342;46,0669131;43,28682748;39,75382221;40,2823787;44,58201084;46,89847934;51,77961256;51,64151429;48,26759226;46,4568595;44,62956179;42,94935768
American Samoa;ASM;Gross capital formation (% of GDP);NE.GDI.TOTL.ZS;..;..;..;..;..;..;..;..;..;..;..;..;..;..;..;..;..;..;..;..;..;..;..;..;..;..;..;..;..;..;..
Andorra;AND;Gross capital formation (% of GDP);NE.GDI.TOTL.ZS;..;..;..;..;..;..;..;..;..;..;..;..;..;..;..;..;..;..;..;..;..;..;..;..;..;..;..;..;..;..;..
Angola;AGO;Gross capital formation (% of GDP);NE.GDI.TOTL.ZS;0;..;..;..;..;..;..;..;..;..;..;..;29,77416691;29,80695527;32,70333433;28,0139949;24,12852156;26,87232068;31,04766428;42,11266299;29,76383279;27,36624545;27,9685614;26,99376305;28,87347819;29,10860959;30,13429348;29,18294321;24,20024902;24,6757736;19,64395623
Antigua and Barbuda;ATG;Gross capital formation (% of GDP);NE.GDI.TOTL.ZS;..;..;..;..;..;..;..;..;..;..;..;..;..;..;..;..;..;..;..;..;..;..;..;..;..;..;..;..;..;..;..
Argentina;ARG;Gross capital formation (% of GDP);NE.GDI.TOTL.ZS;13,99698158;14,6369774;16,70240577;19,68811042;19,96562325;18,50041051;19,62387245;20,82605155;20,97076915;17,86292788;17,53348744;15,62596533;10,85390524;14,1469621;17,55127036;18,88826414;18,68048724;20,0991132;19,57277588;16,05311236;17,70553381;18,39845892;16,50198653;17,3057789;17,26288101;17,07070488;17,66322786;18,21256717;16,61388502;14,2100304;14,41515574
Armenia;ARM;Gross capital formation (% of GDP);NE.GDI.TOTL.ZS;47,14768436;39,77914418;1,631258261;9,872203034;27,94215793;20,80856934;21,09544717;23,26567929;22,68635187;20,76888047;21,9223314;22,90435529;25,41829676;28,34794998;29,1225577;35,76543899;42,22545768;44,35162298;47,94283582;41,1450508;38,81475499;31,92179898;24,68095275;22,15249007;21,28304069;20,73053013;18,01550867;18,42174021;22,39973933;17,40852941;19,66383294
Aruba;ABW;Gross capital formation (% of GDP);NE.GDI.TOTL.ZS;..;..;..;..;..;31,13367174;28,46153846;30,23340627;31,70077155;30,8690013;25,49411358;23,99917753;26,62997978;28,88170409;28,45139188;33,1604422;34,51912965;31,74665104;32,10305572;29,64217978;28,28317971;27,41663716;23,52250683;23,8258599;23,111441;21,53886707;20,57495715;20,55117149;22,40171844;22,61545118;23,94928059
Australia;AUS;Gross capital formation (% of GDP);NE.GDI.TOTL.ZS;28,90354135;24,18693225;22,31436155;23,56917419;24,23654892;25,9545428;24,75032419;24,81718571;25,60003931;26,09930376;26,20423805;23,34811023;24,3675142;25,89390933;27,02043165;27,41274961;27,45745819;27,45074497;28,54019241;27,27624722;26,69769326;26,38244492;27,62334662;27,75707739;26,61112346;26,16693658;25,34839024;24,07988245;24,55464758;23,2971816;22,34493008
Austria;AUT;Gross capital formation (% of GDP);NE.GDI.TOTL.ZS;27,02913658;27,24002453;26,53636938;25,56764886;26,41421872;27,10400163;26,49224546;26,38342182;26,24998457;26,27331693;25,94007871;25,42612455;23,77796674;24,45620507;24,20367257;23,96532348;23,82927048;24,73352593;24,70476239;23,0148012;22,85928124;24,35216004;24,25588272;23,94130479;23,84866903;24,01212669;24,45717072;24,97806184;25,89827622;25,5090081;25,65307375
Azerbaijan;AZE;Gross capital formation (% of GDP);NE.GDI.TOTL.ZS;26,53478854;3,106287425;-0,692931682;21,79745223;15,31305044;23,77917331;29,00168338;34,23677295;33,36627332;26,49466239;20,67357623;20,67687561;34,57649485;53,17148254;57,99043399;41,53483729;29,85938484;21,52500837;18,69363085;18,9486398;18,05957848;20,26784686;22,3167232;25,65793544;27,51003574;27,91357117;25,68133825;24,3789257;20,1294761;20,30777985;23,66595433
Bahamas, The;BHS;Gross capital formation (% of GDP);NE.GDI.TOTL.ZS;29,41471889;29,35689582;27,86137022;23,33958603;25,86069346;27,65500146;30,49376559;29,07920586;32,11223991;28,75243855;30,18521706;26,87359564;24,20854933;24,27371086;23,19086412;27,3367764;33,51643758;30,51041877;29,45563367;28,05360871;27,98600601;30,18335824;31,3421141;29,19725449;31,39930515;24,61140772;25,78087519;27,55625899;25,63888542;25,38449951;23,07105913
Bahrain;BHR;Gross capital formation (% of GDP);NE.GDI.TOTL.ZS;14,44942756;25,15212628;25,87090424;16,09777661;17,2666143;12,84766263;12,66889933;15,34354077;18,84050373;6,952333137;16,57505906;15,7093969;23,34773062;23,73581036;20,51993544;26,73527374;30,38795365;34,71326042;34,94812409;26,14469719;28,598356;22,49793295;28,31788182;26,20234762;26,94607736;25,62493008;27,88569883;33,54523372;35,5603271;35,62385718;37,29566715
Bangladesh;BGD;Gross capital formation (% of GDP);NE.GDI.TOTL.ZS;16,45867552;16,89594746;17,30502928;17,94683201;18,40255619;19,11979582;20,7299506;21,81621451;22,12141282;22,7213703;23,80856257;24,17430673;24,34141614;24,67918886;24,99183394;25,83043551;26,14414575;26,17849707;26,2022714;26,20605702;26,24665618;27,42097337;28,26233501;28,38962075;28,57787571;28,88668925;30,23976392;30,94687312;31,82257477;32,21373311;31,30794134
Barbados;BRB;Gross capital formation (% of GDP);NE.GDI.TOTL.ZS;..;..;..;..;..;..;..;..;..;..;..;..;..;..;..;..;..;..;..;..;..;..;..;..;..;..;..;..;..;..;..
Belarus;BLR;Gross capital formation (% of GDP);NE.GDI.TOTL.ZS;26,55889145;33,33333333;31,52173913;41,01522843;32,93430001;24,74980025;23,519201;26,83695445;26,71196492;23,70676892;25,39867306;23,76085994;22,17685159;24,95432766;28,66730144;28,4604662;32,18413716;34,09190318;37,64165103;36,86404446;40,65636626;37,21759508;35,09427306;38,79802621;34,84103294;29,03469599;26,4775827;28,03035891;28,07887855;29,14999469;27,45483593
Belgium;BEL;Gross capital formation (% of GDP);NE.GDI.TOTL.ZS;24,34637344;22,84027614;22,59252526;21,93188944;22,01276848;21,79077206;21,63074679;22,30034159;22,34865908;22,68901182;23,7829613;22,6338255;20,74740198;20,96470771;22,66706017;23,6810632;23,97054911;24,60327415;25,93677033;22,02640575;22,39427446;24,47955804;23,58823607;22,70894537;23,25829598;23,32236763;24,1815766;24,33183313;25,55157676;24,67568223;24,06856785
Belize;BLZ;Gross capital formation (% of GDP);NE.GDI.TOTL.ZS;22,05142705;24,20554429;22,99474453;24,97823378;18,30514305;19,46261881;18,1535872;17,80041162;16,62263588;21,33167112;26,20335792;21,96930297;20,63060648;17,70055002;16,68410701;17,77391877;17,24666231;17,29333616;21,02398074;16,22640587;15,45117166;11,87239388;13,07247702;14,12957734;17,09669746;16,72640834;17,97293536;15,05772269;16,53181513;16,83949042;18,44343234
Benin;BEN;Gross capital formation (% of GDP);NE.GDI.TOTL.ZS;14,06035642;14,47804469;13,62110874;16,05813651;17,80221471;21,41976714;17,55116797;18,54485643;18,15515708;18,22709373;16,00840245;17,75272025;14,83372253;15,16379004;15,21860513;12,08604489;12,87346512;16,376868;13,74042066;14,86571873;15,60808921;16,46255728;15,27631274;18,86187235;19,25758563;20,73179209;20,2720396;23,96042223;26,38651302;25,62980058;25,63384351
Bermuda;BMU;Gross capital formation (% of GDP);NE.GDI.TOTL.ZS;..;..;..;..;..;..;..;..;..;..;..;..;..;..;..;..;..;..;..;..;13,04302674;12,58254206;11,01442918;10,89311134;12,094597;11,89258583;12,80320862;13,76364473;13,4097576;14,74851703;12,23790408
Bhutan;BTN;Gross capital formation (% of GDP);NE.GDI.TOTL.ZS;27,8570302;32,42718724;39,98537612;41,08680798;48,91497173;44,71691596;37,45970456;27,21326604;31,3105534;35,24741052;54,04204741;61,38918064;68,56944876;66,860298;67,73319343;61,21514995;47,80769295;42,91836145;44,16347853;50,18927115;62,93345252;68,2199911;69,44872689;64,01432421;56,51195441;56,43111049;56,39938777;54,16776904;54,01551736;46,08535794;39,07057236
Bolivia;BOL;Gross capital formation (% of GDP);NE.GDI.TOTL.ZS;12,53193671;15,57776925;16,70433587;16,56377524;14,37119505;15,24400306;16,23722127;19,63196904;23,60651171;18,77185208;18,14347869;14,26843447;16,29467339;13,23207231;11,02170315;14,25362163;13,86533111;15,18665485;17,55274006;16,97126097;17,00701846;19,81555243;17,67299199;19,01772689;21,03379703;20,28127688;21,05736185;24,37634079;24,0294939;22,70241369;17,26834592
Bosnia and Herzegovina;BIH;Gross capital formation (% of GDP);NE.GDI.TOTL.ZS;..;..;..;..;..;19,98314608;41,2139014;41,99999937;38,00000028;27,99997931;30,30638485;31,57984356;31,47438703;30,29844026;30,51999835;29,45422458;25,81245478;30,46919276;32,31198323;23,71320992;21,91466859;22,67590671;22,88357056;21,66858504;23,03401398;22,16983458;23,33038364;25,16429047;24,81202067;25,19103613;23,46769978
Botswana;BWA;Gross capital formation (% of GDP);NE.GDI.TOTL.ZS;37,36697697;33,2101747;30,41930063;28,77953098;25,98254421;27,13013375;23,44352121;24,0519866;37,93667259;25,62595125;29,55108039;29,88813662;30,19380521;30,14300742;31,351443;25,37413389;21,69278159;23,07475686;35,4683348;32,62990767;34,70210913;39,11811505;35,99986178;24,87932872;25,25306257;28,44328922;22,06769821;25,00589632;25,90287964;30,82044056;32,72725984
Brazil;BRA;Gross capital formation (% of GDP);NE.GDI.TOTL.ZS;20,1677066;19,76876887;18,93453994;20,84635521;22,14556295;17,29234635;17,26694638;17,76398562;18,16475192;17,38955974;18,90311927;18,74186029;17,44907948;16,8566884;17,91256834;17,20488345;17,81647388;19,81932598;21,61938285;18,79613503;21,80132156;21,82627112;21,41722537;21,69376696;20,54841076;17,41162587;14,96954697;14,6255876;15,09504163;15,5167908;16,1158206
British Virgin Islands;VGB;Gross capital formation (% of GDP);NE.GDI.TOTL.ZS;..;..;..;..;..;..;..;..;..;..;..;..;..;..;..;..;..;..;..;..;..;..;..;..;..;..;..;..;..;..;..
Brunei Darussalam;BRN;Gross capital formation (% of GDP);NE.GDI.TOTL.ZS;10,8883468;12,14908655;15,37633433;19,62427387;18,10879847;22,53987421;27,57809826;23,67095209;24,67193697;15,588759;18,73747044;20,87032029;33,85960556;21,98788065;19,58796605;16,11526986;15,17217203;19,75400375;20,6413589;26,22039111;23,69025753;26,02429289;32,88214652;39,59341162;27,44181699;35,24732586;34,62026285;34,80476019;41,06659593;38,6777535;40,58783027
Bulgaria;BGR;Gross capital formation (% of GDP);NE.GDI.TOTL.ZS;25,58877829;22,59764186;19,88894422;15,28203413;9,391171994;17,72878244;1,157310989;9,727381637;18,70860503;19,84369964;19,04614349;21,35107179;20,52902088;22,07417339;23,43335211;27,73967166;32,05633531;33,60623366;36,92453897;28,53822071;22,51796856;21,35818296;21,88708499;21,0060109;21,50783394;20,9999296;18,96243249;19,81699847;21,16615726;20,73400318;20,1519208
Burkina Faso;BFA;Gross capital formation (% of GDP);NE.GDI.TOTL.ZS;18,91339663;21,2456099;19,30243347;19,45939738;27,16616165;23,92534288;24,94470713;27,39177838;24,17456283;17,29650159;14,57069906;13,54589787;13,45168488;15,45928136;15,51810381;17,56359353;16,12500563;18,25108478;20,73196245;19,99003226;21,990434;22,1235118;24,6529929;23,70991501;19,26224919;19,40669972;20,79554795;22,06183659;21,73910482;19,75786801;17,16151743
Burundi;BDI;Gross capital formation (% of GDP);NE.GDI.TOTL.ZS;..;..;..;..;..;..;..;..;..;..;..;..;..;..;..;..;..;..;..;..;..;..;..;..;..;..;..;..;..;..;..
Cabo Verde;CPV;Gross capital formation (% of GDP);NE.GDI.TOTL.ZS;..;..;..;..;..;..;..;..;..;..;..;..;..;..;..;..;..;47,27148425;45,93580455;41,36029331;44,95680604;44,91177438;35,20387138;29,98728655;34,9962523;29,10717444;28,55537824;29,28348624;27,48615918;23,43197387;28,96192366
Cambodia;KHM;Gross capital formation (% of GDP);NE.GDI.TOTL.ZS;..;..;..;11,8804071;11,93855081;14,55231684;14,72005581;15,02049984;11,83376966;16,98372802;20,34425094;20,20552086;23,86841432;24,00582247;23,97299635;24,30015366;25,24766358;25,69146028;23,08002;26,33232793;22,31749004;22,36771492;24,67123327;26,8520095;30,01267161;29,87149382;30,38503258;30,63345269;30,73941924;31,39455419;31,35122754
Cameroon;CMR;Gross capital formation (% of GDP);NE.GDI.TOTL.ZS;17,81197837;16,67265481;14,30538628;13,76162443;16,61161628;17,53960631;17,36664751;17,68394047;18,45340497;17,6692974;17,19233057;18,7740622;19,44139442;18,09473617;18,86781432;18,67092549;17,77585984;18,37844965;19,75405433;18,55968537;18,22844404;18,73240082;18,00073817;18,65154597;19,72783434;18,24985549;19,81805484;19,4451374;19,53802964;18,9346455;17,66054398
Canada;CAN;Gross capital formation (% of GDP);NE.GDI.TOTL.ZS;21,30421092;19,34129697;18,37741984;18,47498852;19,516094;19,38034273;18,92772326;21,21800208;21,04527298;20,68424285;20,61446771;19,67139493;19,73934541;20,46667761;21,38286053;22,63204211;23,59589302;23,90787622;24,07250278;21,95949429;23,4820047;24,15145347;24,8675436;24,90767507;24,87070761;23,82159339;22,76112016;23,55046923;23,37731116;23,04242417;22,67471761
Cayman Islands;CYM;Gross capital formation (% of GDP);NE.GDI.TOTL.ZS;..;..;..;..;..;..;..;..;..;..;..;..;..;..;..;..;..;..;..;..;..;..;..;..;..;..;..;..;..;..;..
Central African Republic;CAF;Gross capital formation (% of GDP);NE.GDI.TOTL.ZS;12,70805981;12,6480118;12,40250132;10,57848181;11,70605363;14,11903115;7,275021434;10,08018914;11,01276891;12,9619644;11,07229594;10,24082921;9,624946666;6,404792507;6,812138026;9,864817356;10,23421102;10,68724058;12,72849237;13,20417248;16,8437813;13,70846447;10,83397513;7,515324022;21,99079072;21,80538045;22,46346795;25,6012512;26;26;26
Chad;TCD;Gross capital formation (% of GDP);NE.GDI.TOTL.ZS;6,753507456;6,543070259;7,468113915;9,759301852;16,63991107;13,1924876;20,25016049;19,48477886;16,93422051;13,6915006;23,27390222;40,25037691;60,15617303;52,12177432;24,28387192;19,10984386;17,70392924;18,36922763;18,54688471;19,71818144;21,85444822;24,96962381;24,92686836;23,90262226;29,47959716;22,8922388;18,35858902;18,53665189;21,92625493;24,29099309;22,78744555
Channel Islands;CHI;Gross capital formation (% of GDP);NE.GDI.TOTL.ZS;..;..;..;..;..;..;..;..;..;..;..;..;..;..;..;..;..;..;..;..;..;..;..;..;..;..;..;..;..;..;..
Chile;CHL;Gross capital formation (% of GDP);NE.GDI.TOTL.ZS;25,72326538;23,34167628;24,86355747;27,78129126;25,53433688;27,52926225;29,88121126;29,85926565;28,61868628;22,55047469;23,75075555;24,09121391;24,10838781;23,39913543;21,24322728;23,26770087;22,18632039;22,34802267;28,89694247;22,92000792;24,77546766;26,64629672;28,79134947;27,4969588;25,15809342;25,59943795;23,70879029;22,63666996;24,20307842;24,93900989;21,0582071
China;CHN;Gross capital formation (% of GDP);NE.GDI.TOTL.ZS;34,09149854;35,53774427;39,30816688;43,47635519;40,27837469;39,09218906;37,77686378;35,74135245;34,98594869;34,23361411;33,63268271;35,52385801;36,06878168;39,42801303;41,63437416;40,1780867;39,68970035;40,22208792;41,96072494;44,92826389;46,10234433;46,27030128;45,81692117;45,92240935;45,31153527;42,73498726;42,13861662;42,54973755;43,31382749;42,66953741;42,57237351
Colombia;COL;Gross capital formation (% of GDP);NE.GDI.TOTL.ZS;20,60673055;19,10546385;20,55450146;24,94213311;25,53844675;25,79874333;22,15093866;20,92375062;19,72807918;12,88013417;14,89562703;16,03225135;17,25154184;18,68181902;19,44099661;21,65624131;22,9389629;23,45428069;23,72092145;21,98758309;21,88876227;22,99559144;22,10464406;22,18254485;24,00331366;23,77369229;23,16741956;21,59937684;21,19547556;21,38060955;19,12814694
Comoros;COM;Gross capital formation (% of GDP);NE.GDI.TOTL.ZS;18,04228002;18,04237645;18,04233559;18,04234491;18,04234204;18,04228948;18,04236157;18,04229842;18,0422766;18,04227635;18,04229519;18,04234013;18,04231173;18,04232163;18,042334;18,04231317;18,04232578;16,8874091;19,24887687;17,99068055;18,1749509;16,02145264;16,15157336;16,35618441;15,20296585;13,63804028;12,56067301;13,43344337;14,86809293;12,73480625;11,80176252
Congo, Dem. Rep.;COD;Gross capital formation (% of GDP);NE.GDI.TOTL.ZS;..;0;..;..;7,544642408;9,373601553;27,85181701;2,500000031;2,100000021;3,069010671;14,43349633;6,704140752;7,435791083;9,524554843;12,25692055;17,13655926;17,42161726;15,85997551;19,19426646;18,3539612;24,0289276;25,28697786;26,11218844;28,10166773;31,99414395;28,24897604;25,73013911;27,56112773;28,67434492;22,30262448;21,84882574
Congo, Rep.;COG;Gross capital formation (% of GDP);NE.GDI.TOTL.ZS;15,90551181;20,52816443;21,59969088;29,49611893;54,48613543;36,57264249;32,79041317;22,23338497;26,68437527;27,77202788;22,6259542;26,35663721;23,40759656;26,09032417;22,52034084;25,93799848;28,28345678;61,05369606;42,07141217;54,29511083;47,19017067;36,84190123;43,81682827;47,06448238;52,84461725;76,78232468;71,26685576;45,89448623;29,52700886;25,90009654;23,73156703
Costa Rica;CRI;Gross capital formation (% of GDP);NE.GDI.TOTL.ZS;27,3228218;18,40186842;20,4335201;21,02880085;20,77075591;19,54183962;17,75047996;20,05441807;22,66177946;21,07979806;20,6866903;20,11548912;19,88631938;18,96505104;18,92997061;18,96414573;21,08564151;23,28676827;24,61074009;18,4529136;19,83391852;20,0481796;19,85419551;19,59046016;19,22315329;18,85372644;18,88894098;18,06487424;18,36986057;16,0640852;16,16305467
Cote d'Ivoire;CIV;Gross capital formation (% of GDP);NE.GDI.TOTL.ZS;6,688803339;7,358001161;6,923884602;9,793071084;13,71571807;15,59844581;13,01925311;16,52857669;20,27214033;14,62669184;15,89240727;14,22034092;12,02347548;13,9684419;14,71829264;13,84214145;14,18082712;13,72627351;18,18002069;14,74354959;21,68105453;16,59371891;20,4508171;22,90980133;22,62045583;23,38814947;23,19540919;20,81881638;22,2527905;21,9899385;21,74289341
Croatia;HRV;Gross capital formation (% of GDP);NE.GDI.TOTL.ZS;..;..;..;..;..;16,18979932;19,48369566;24,64985586;20,92690693;20,40435669;19,32107219;20,49855934;23,76174441;27,23093238;26,02468264;26,07936301;28,09242433;28,15275061;29,54931801;24,37492596;20,36706196;19,000393;18,02429978;18,72459516;18,05851052;19,47885351;19,89684618;20,839418;22,48974356;21,96654262;23,54436627
Cuba;CUB;Gross capital formation (% of GDP);NE.GDI.TOTL.ZS;24,80249224;13,99548243;6,544959175;6,394381927;5,242130851;7,014274978;15,89695562;14,95392944;13,20312508;11,85702671;12,50335347;11,46472489;9,196350159;8,503615478;8,800617753;10,77459352;11,72861509;10,18396387;14,84467892;10,9375;10,07337396;8,470792869;8,57521773;9,393633017;7,6113276;9,389231151;9,560206856;10,29824862;12,03357887;11,49499747;9,874990685
Curacao;CUW;Gross capital formation (% of GDP);NE.GDI.TOTL.ZS;..;..;..;..;..;..;..;..;..;..;..;..;..;..;..;..;..;..;..;..;..;37,77599539;32,20113923;30,48385329;25,78912889;26,36974175;28,63952767;30,89590663;41,06735492;..;..
Cyprus;CYP;Gross capital formation (% of GDP);NE.GDI.TOTL.ZS;27,04542752;25,84215003;28,69895942;24,08770256;25,51565377;26,53386843;24,20254362;24,02881255;19,03971388;19,81345231;20,4291578;17,73455353;20,2817487;19,4983267;21,86490745;22,20943744;24,31375439;24,07100753;28,64493302;22,53177179;23,68672688;18,54812118;15,81778999;12,56505834;13,18773956;13,32267954;17,05414631;20,3824582;18,94312735;19,49074594;20,64475612
Czechia;CZE;Gross capital formation (% of GDP);NE.GDI.TOTL.ZS;24,3277286;22,27240667;25,3890239;26,46472308;29,78170507;33,85618606;35,83205292;32,69534302;30,74318405;29,74513458;31,83502104;32,00603186;30,48161818;29,54958656;29,82427164;29,28560286;30,07969403;32,10721073;30,99940954;26,39788823;26,73128765;26,60533702;25,66884211;24,3768606;25,34943539;26,96862492;25,0750047;25,08974109;25,6426079;26,17185066;24,73020518
Denmark;DNK;Gross capital formation (% of GDP);NE.GDI.TOTL.ZS;20,79264714;19,60011186;18,9233801;17,35489586;18,71583658;20,64464005;20,01927384;22,01503541;22,59969616;20,8350374;22,29440618;21,74938845;21,2568155;20,8859989;21,64608196;22,17130943;24,26275155;25,23136773;24,0357328;19,03262556;17,82215511;18,98749458;19,22697175;19,35251464;20,14820304;20,54353117;21,68071242;21,95682422;22,53231468;21,88599988;22,76265326
Djibouti;DJI;Gross capital formation (% of GDP);NE.GDI.TOTL.ZS;..;..;..;..;..;..;..;..;..;..;..;..;..;..;..;..;..;..;..;..;..;..;..;56,90792979;3,115185099;-3,945924357;21,93594011;21,63280793;2,786900756;2,2814597;-0,248727785
Dominica;DMA;Gross capital formation (% of GDP);NE.GDI.TOTL.ZS;..;..;..;..;..;..;..;..;..;..;..;..;..;..;..;..;..;..;..;..;..;..;..;..;..;..;..;..;..;..;..
Dominican Republic;DOM;Gross capital formation (% of GDP);NE.GDI.TOTL.ZS;23,34965915;16,64806902;18,79126779;19,75813793;21,00439561;20,04953703;20,05426754;22,10140526;28,06937834;27,11277108;27,8926622;26,77064407;26,95675568;19,40916274;20,62734865;24,77307115;26,9268715;27,63341946;29,89821158;23,37221064;26,07142183;24,60332369;23,75255972;22,10576128;22,39460761;22,65069072;22,17286527;21,18092063;25,20229082;25,23486238;24,87951592
Ecuador;ECU;Gross capital formation (% of GDP);NE.GDI.TOTL.ZS;20,15203808;17,89935607;18,56715807;17,03100408;17,42567041;16,08845426;14,93866053;16,6179432;19,98491056;15,76015829;17,16695041;18,49130812;19,65626258;15,77307667;16,25031855;17,46450103;18,11812856;18,31755978;21,56594079;21,17323514;23,49001587;23,53209115;23,01330365;24,88335289;24,70589078;22,68643583;20,24605086;22,48038782;22,54043933;21,04923118;17,58491297
Egypt, Arab Rep.;EGY;Gross capital formation (% of GDP);NE.GDI.TOTL.ZS;28,91440585;23,73333333;19,48238677;19,84536082;20,62857143;20,14705882;18,1342633;17,56299361;21,50313152;21,6189857;19,55307263;18,26038472;17,99947216;16,88622754;16,93797651;17,97585887;18,73077546;20,85123523;22,38972641;19,19017463;19,50107741;17,10305594;16,02675106;14,21199742;13,64319249;14,28863701;15,04023031;18,73410104;20,62491963;20,6540386;18,81806066
El Salvador;SLV;Gross capital formation (% of GDP);NE.GDI.TOTL.ZS;13,81290212;15,45548516;18,83297265;18,95762973;20,35812247;20,94422192;15,35496418;15,08320348;18,65105575;17,30148455;17,66906046;17,71407;17,06467014;18,42922732;18,14074101;18,60470812;20,07545052;20,80003527;20,17258125;14,05461543;16,6715814;17,7899287;17,70954566;17,01940252;16,39721566;16,01698762;15,96751412;16,67700194;18,37153667;18,3447949;17,2116179
Equatorial Guinea;GNQ;Gross capital formation (% of GDP);NE.GDI.TOTL.ZS;..;..;..;..;..;..;..;..;..;..;..;..;..;..;..;39,47674882;26,50112454;29,58590734;27,54175181;39,39282565;38,05629949;32,04927127;41,1481429;30,30804516;28,70930017;24,7014529;16,69864599;14,03171665;12,50149663;10,89170309;6,988464059
Eritrea;ERI;Gross capital formation (% of GDP);NE.GDI.TOTL.ZS;..;..;7,810856542;16,99501349;25,13739619;22,53669613;27,58925736;31,28072738;32,28685892;45,51417965;21,99675676;35,26062176;29,54893233;26,54396041;20,26292175;20,33943972;13,68111654;12,67357541;12,71354048;9,263795978;12,38540149;12,62631766;..;..;..;..;..;..;..;..;..
Estonia;EST;Gross capital formation (% of GDP);NE.GDI.TOTL.ZS;..;..;..;25,97980214;26,81272678;26,41113237;27,48302296;30,72325357;31,62450389;25,90380943;28,47610321;29,60263209;32,93076575;35,18803006;34,64885493;33,35083816;39,82568775;40,00589434;31,63340558;21,00877535;21,58767817;25,4681664;29,08050669;26,86971211;26,72761591;24,6409611;24,70235309;25,93819762;27,85039922;26,35608807;29,65386877
Eswatini;SWZ;Gross capital formation (% of GDP);NE.GDI.TOTL.ZS;..;..;..;..;..;..;..;..;..;..;..;..;..;..;..;..;..;..;..;..;..;..;..;16,13457812;19,62758851;17,22170618;17,3577664;17,69679034;19,8490383;16,23183497;15,29022822
Ethiopia;ETH;Gross capital formation (% of GDP);NE.GDI.TOTL.ZS;0;0;0;0;0;0;0;0;0;0;0;0;0;0;0;0;0;0;0;0;0;32,10766647;37,09796197;34,08111832;37,9937253;40,67127298;37,34876297;38,44398716;34,16295511;35,26397563;30,57896866
Faroe Islands;FRO;Gross capital formation (% of GDP);NE.GDI.TOTL.ZS;..;..;..;..;..;..;..;..;22,1189566;23,66213296;30,81756631;26,12072447;23,29310088;31,40798237;20,23477722;22,0164882;28,67310625;32,14664373;26,16652355;17,53852903;19,52082475;16,25782377;26,25769053;21,59579045;21,75813828;23,96777733;22,1636692;23,45987701;29,7112462;27,61357429;28,25827972
Fiji;FJI;Gross capital formation (% of GDP);NE.GDI.TOTL.ZS;..;..;..;..;..;..;..;..;..;..;..;..;..;..;..;..;..;..;..;..;..;..;..;..;..;..;..;..;..;..;..
Finland;FIN;Gross capital formation (% of GDP);NE.GDI.TOTL.ZS;30,13719713;24,08845627;21,07187507;18,60530312;19,7835536;20,36687184;20,2614315;21,76338883;23,02314188;22,41031461;23,87415131;23,17979711;22,05941795;22,23196277;22,87247781;24,60738707;24,00136526;25,55343501;25,24851611;21,47412441;22,607323;24,33887329;23,62834243;22,65782788;22,16900245;21,90568623;23,58831246;24,30954225;25,72346435;24,56753788;24,98360739
France;FRA;Gross capital formation (% of GDP);NE.GDI.TOTL.ZS;24,41667174;23,58090306;21,80570099;19,29503455;20,02770938;20,18709965;19,2219852;18,89410866;20,1267071;20,73099771;21,85787707;21,51465007;20,70019053;20,65061682;21,36436855;21,91135348;22,6851886;23,569105;23,46710404;20,71775862;21,3378695;22,49964527;21,82956488;21,52044196;21,83647082;21,71654186;21,59786062;22,1813992;22,61157389;23,02507336;22,80441821
French Polynesia;PYF;Gross capital formation (% of GDP);NE.GDI.TOTL.ZS;..;..;..;..;..;..;..;..;..;..;..;..;..;..;..;24,85554309;21,96805473;22,31990232;23,96722903;20,88322118;21,1616841;18,19441546;18,23944927;19,30286497;18,95606036;19,97060117;18,36579382;19,67412913;27,45985863;25,49851381;21,09592749
Gabon;GAB;Gross capital formation (% of GDP);NE.GDI.TOTL.ZS;21,67715661;26,46803177;22,42511447;22,44852419;21,86759487;23,30316662;24,8489416;30,76131384;39,55765673;26,16858187;21,90205643;22,74546907;25,10709764;22,63910148;21,49605177;21,3645323;24,04519626;24,87869405;25,08989743;27,98111336;29,70111381;26,64238956;26,96614996;29,18059503;35,1390486;29,23095629;26,98226104;21,29860844;19,25823243;21,89879657;19,86346911
Gambia, The;GMB;Gross capital formation (% of GDP);NE.GDI.TOTL.ZS;22,34319427;20,33774598;24,78932969;5,277756134;4,685493621;6,903703396;6,779200574;5,175169509;4,884402019;4,755047184;4,562497397;11,17274014;7,278327629;10,03888601;14,31837652;13,83185067;15,69068531;12,56652088;10,52243473;12,8914138;13,87671053;12,89616829;20,87716865;14,71153313;16,6526122;20,34981404;24,91993419;22,95972668;20,87842426;24,65384316;32,34205469
Georgia;GEO;Gross capital formation (% of GDP);NE.GDI.TOTL.ZS;30,73633569;28,27225131;23,39142091;5,999914618;2,646569877;4,032902674;19,5957322;17,83745856;27,1704526;26,45299628;26,58131588;30,32774648;28,50118294;29,09587697;30,98744949;33,32960442;29,73480591;33,45455401;27,6897913;13,98587791;20,9291494;23,12074907;26,02762232;21,70008649;25,65035717;26,87715931;28,903107;25,12481761;27,9262959;27,16822849;24,6056866
Germany;DEU;Gross capital formation (% of GDP);NE.GDI.TOTL.ZS;25,2643366;26,22495461;25,63743867;24,15337954;24,55131065;24,47705968;23,46040569;23,40502648;24,06080176;23,75835243;23,96396608;22,76457165;20,1517523;19,57662631;19,02138646;18,73552593;19,89794657;20,78734335;20,88673299;18,00643151;19,53106001;21,26698727;19,47247149;19,78838157;20,13948875;19,49780209;19,71225678;20,6909763;21,65036415;21,38125905;21,72903046
Ghana;GHA;Gross capital formation (% of GDP);NE.GDI.TOTL.ZS;14,44399729;15,87898641;12,8;22,21017019;23,95773295;20,02141466;21,19999647;24,80621254;23,10938945;21,0005345;23,9986005;26,5994216;19,7;22,93692798;28,37750668;29,00214064;22,46580574;15,38454499;16,49196394;16,43179311;13,10019371;12,80999297;16,96772212;24,77153805;27,16506634;27,70964117;25,45565545;19,56551996;21,709335;18,64727562;18,22366699
Gibraltar;GIB;Gross capital formation (% of GDP);NE.GDI.TOTL.ZS;..;..;..;..;..;..;..;..;..;..;..;..;..;..;..;..;..;..;..;..;..;..;..;..;..;..;..;..;..;..;..
Greece;GRC;Gross capital formation (% of GDP);NE.GDI.TOTL.ZS;25,43398408;26,21691482;23,45237613;22,31915865;21,03363547;20,74053681;21,76003884;21,13264339;23,7367131;23,23724822;26,11321035;25,14335718;23,67709086;26,13817701;25,17954297;22,1679676;26,29024254;26,67071442;24,84601833;18,91866704;18,21575876;14,07145131;12,26065546;12,11290829;12,13691845;12,00840978;12,46808615;11,88830163;12,95305375;12,09966032;13,54100231
Greenland;GRL;Gross capital formation (% of GDP);NE.GDI.TOTL.ZS;..;..;..;..;..;..;..;..;..;..;..;..;..;19,35609528;16,31696081;24,15826054;23,13912208;30,49815061;40,29841374;32,21237503;52,35331723;64,0087149;37,67208018;30,09516231;22,59795624;24,02966611;24,49667192;23,61529351;21,74118086;31,26950936;33,01521808
Grenada;GRD;Gross capital formation (% of GDP);NE.GDI.TOTL.ZS;..;..;..;..;..;..;..;..;..;..;..;..;..;..;..;..;..;..;..;..;..;..;..;..;..;..;..;..;..;..;..
Guam;GUM;Gross capital formation (% of GDP);NE.GDI.TOTL.ZS;..;..;..;..;..;..;..;..;..;..;..;..;..;..;..;..;..;..;..;..;..;..;..;..;..;..;..;..;..;..;..
Guatemala;GTM;Gross capital formation (% of GDP);NE.GDI.TOTL.ZS;13,60261471;14,29528044;18,32531872;17,24628543;15,68129958;15,0551087;12,68678211;13,68454175;17,39551621;17,35399322;17,83538743;19,9770448;20,88790857;20,62150678;21,18960606;20,05113862;21,16500831;21,16956642;16,67156432;13,26660146;14,16419369;15,48217542;15,19414459;15,84263444;15,07116078;14,82815466;13,86196774;13,59610141;13,79042543;14,32983404;13,50068237
Guinea;GIN;Gross capital formation (% of GDP);NE.GDI.TOTL.ZS;13,79042955;12,48401206;12,03551059;12,17943076;12,7907272;14,94495391;14,2533946;14,40853185;13,17369855;13,6120569;14,04097891;11,301127;9,97077079;14,82503639;14,21574367;13,39769357;24,5633977;23,41967335;26,21769765;21,30661225;20,32540116;24,05333274;26,02152852;23,49396139;22,81657742;24,16336683;52,66984451;22,27041715;19,54731482;19,7285577;31,516401
Guinea-Bissau;GNB;Gross capital formation (% of GDP);NE.GDI.TOTL.ZS;29,92581868;30,9893744;48,10992427;30,85746903;21,77070417;22,30105475;23,0520755;53,92783621;30,60897557;21,9445482;20,06075191;18,88217139;23,59612324;27,64774494;20,9616309;18,25276136;20,07909879;24,27263817;17,33902598;18,36487404;19,49361491;15,84568245;19,35419091;19,23023419;20,13993642;14,68621;17,67135875;18,12072595;19,16701999;22,65515212;25,65211523
Guyana;GUY;Gross capital formation (% of GDP);NE.GDI.TOTL.ZS;31,13309854;39,76315044;51,75132623;40,42814136;27,22287779;33,22868326;31,85720693;31,88794199;28,92075512;24,99795472;23,77598249;21,5703447;20,86049903;20,95211587;23,54568087;32,33397827;..;..;..;..;..;..;..;..;..;..;..;..;..;..;..
Haiti;HTI;Gross capital formation (% of GDP);NE.GDI.TOTL.ZS;19,92006691;24,36798141;22,12021647;13,83731975;10,20056948;26,08958322;28,13042639;24,52875606;26,00441291;27,6980391;8,322396005;8,048111819;9,495958322;16,67925856;11,40765729;9,815927731;14,35277123;9,224667533;12,61716207;12,60692422;24,98821766;20,99674948;17,50923442;17,88085932;16,55686633;13,97372865;13,59222789;16,87697985;16,051092;18,53625002;17,70308378
Honduras;HND;Gross capital formation (% of GDP);NE.GDI.TOTL.ZS;20,81452973;21,54612706;23,46450787;30,79300558;33,46116748;27,51061199;27,23827928;28,61621608;28,71264825;32,35075505;28,28843121;26,00094413;24,25843833;25,28088236;29,66555733;27,62297589;28,34192973;33,66530061;36,06596984;20,59944375;21,87984069;25,99999164;24,56420879;21,7603523;22,18383223;25,11798303;23,37712854;24,82071317;26,57208628;22,96769412;19,66637273
Hong Kong SAR, China;HKG;Gross capital formation (% of GDP);NE.GDI.TOTL.ZS;27,17052478;26,92142457;28,17687361;27,24986842;31,37927421;34,29070085;31,80034664;34,20019037;29,0038637;24,97950925;27,58240928;25,49120382;23,18095242;22,37964014;22,35743374;21,05982119;22,28514831;21,3960755;21,04121437;21,84686409;23,89046642;24,1431843;25,22013354;24,03038856;23,82246942;21,54147973;21,50740505;22,06901686;21,99466113;18,18994721;18,98188686
Hungary;HUN;Gross capital formation (% of GDP);NE.GDI.TOTL.ZS;..;21,19587059;16,65999376;20,6790398;22,99641454;23,42055037;25,1079029;26,44187523;28,82248904;27,28730391;28,1973909;26,35755928;25,74687533;24,7088343;27,50222655;26,16417134;26,34188568;24,89783818;25,14200595;20,99664876;21,18927912;21,03379088;20,28653082;21,8946534;24,44051608;23,85676561;22,03218219;23,27307689;27,09109458;28,69834722;27,46449407
Iceland;ISL;Gross capital formation (% of GDP);NE.GDI.TOTL.ZS;20,41113844;21,54499855;19,47238152;18,18964054;17,21521846;17,57710022;20,05504669;21,3593694;25,46223458;23,24508199;24,61946677;22,65692523;19,50953673;21,12525383;24,59606907;29,13093804;35,97141308;29,65126851;25,88744699;14,77998893;13,83377144;15,31420653;15,89005287;15,01139488;17,07336719;19,19324613;20,81555389;21,57543253;22,19502148;20,20348359;21,04634009
India;IND;Gross capital formation (% of GDP);NE.GDI.TOTL.ZS;27,3361977;25,14050528;27,44020416;22,71641051;26,31016656;29,15233715;22,75925318;25,69273291;24,97536994;30,95808797;25,67731668;29,90788898;30,25130012;30,83969994;35,0964917;37,42826402;38,99850637;41,95079823;38,42241965;39,25679176;39,78562418;39,59042186;38,34741567;34,0231979;34,26780563;32,11673014;30,17269058;30,98217283;32,34321822;30,09619757;28,92238401
Indonesia;IDN;Gross capital formation (% of GDP);NE.GDI.TOTL.ZS;32,70769009;31,86942548;30,17582734;28,28067311;29,57068775;30,42981109;31,60236064;30,30767579;27,42950667;22,13875931;22,24569693;22,53926632;21,40407021;25,59849839;24,05636637;25,08140994;25,40021729;24,92028385;27,81624458;30,98519241;32,88012145;32,98433326;35,07159361;33,83135679;34,60034391;34,06279218;33,8587393;33,7105948;34,57058583;33,78014238;32,34341205
Iran, Islamic Rep.;IRN;Gross capital formation (% of GDP);NE.GDI.TOTL.ZS;33,02184263;42,17457939;42,19989329;30,39529102;23,29458769;30,18017186;37,7860856;35,54283951;33,85893481;32,54166538;35,10053349;35,25181669;39,054111;42,10526704;45,99878784;38,71766358;38,64911736;39,72894514;41,75745309;40,89817092;40,26244925;36,01680358;36,35095818;34,94521152;36,93965714;31,98240852;33,87944506;35,34052909;36,20509012;40,20294899;47,92093406
Iraq;IRQ;Gross capital formation (% of GDP);NE.GDI.TOTL.ZS;44,32031327;-12,8800799;31,79099006;59,34094188;58,17204918;51,44440889;58,01193264;4,203600655;7,39214687;38,39229881;29,1473475;43,42228723;18,22687573;10,65095422;16,91689869;22,15526495;18,91759881;9,341719092;15,18410215;11,29663775;15,86786539;16,75950181;13,44617151;20,26773982;18,21597494;20,35965171;17,87720479;17,85247686;17,58547052;22,74072459;22,346859
Ireland;IRL;Gross capital formation (% of GDP);NE.GDI.TOTL.ZS;21,52711669;19,6727224;16,6369289;15,4691943;16,51398189;18,873;20,5306173;22,22901002;24,09796325;24,63550617;24,50795076;24,25624159;24,08259719;25,74422305;27,21826337;30,30974959;31,89320529;29,24810558;24,66709375;20,30366875;17,29135638;17,1044449;19,88821104;18,36557069;21,93606048;26,08393834;35,62937045;34,03487738;28,17438715;53,70208172;42,59120417
Isle of Man;IMN;Gross capital formation (% of GDP);NE.GDI.TOTL.ZS;..;..;..;..;..;..;..;..;..;..;..;..;..;..;..;..;..;..;..;..;..;..;..;..;..;..;..;..;..;..;..
Israel;ISR;Gross capital formation (% of GDP);NE.GDI.TOTL.ZS;22,40761596;29,01907684;28,75805163;29,47268196;28,77784789;28,90594855;29,22885101;27,99809083;26,30989512;26,63081909;25,70541357;25,51120651;24,18877208;22,81892219;22,74698106;23,67011254;23,59730796;24,43143949;23,22877065;21,16178698;21,53835088;23,44712736;23,9143641;22,33518264;22,87734139;22,09500322;23,06464867;23,17659811;24,13099419;23,86486005;24,68981613
Italy;ITA;Gross capital formation (% of GDP);NE.GDI.TOTL.ZS;23,16199035;22,79279978;22,14463661;19,58260086;19,51603074;20,57840476;19,83119181;20,01306557;20,23319379;20,70489254;21,3236101;21,30544692;22,05195001;21,5802502;21,64200489;21,52602165;22,36036958;22,62007277;22,03877573;19,70237739;20,79697161;20,6773631;17,96980645;17,00622238;17,0766736;17,28131749;17,71186399;18,16942229;18,66087161;18,36413153;17,89868683
Jamaica;JAM;Gross capital formation (% of GDP);NE.GDI.TOTL.ZS;..;..;..;..;..;..;..;..;..;..;..;..;..;..;..;..;..;..;..;..;..;..;..;..;..;..;..;..;..;..;..
Japan;JPN;Gross capital formation (% of GDP);NE.GDI.TOTL.ZS;35,45157969;35,21166972;33,53724959;31,76834468;30,65250831;30,93363189;32,02694888;31,11037275;29,59082374;28,20043331;28,41743932;27,75495487;25,89885919;25,66096518;25,63820726;26,05232598;26,07755439;25,76874016;25,86957996;22,60317648;22,59030413;23,54056869;24,00492972;24,41762404;25,03636199;25,16534788;24,83559732;25,21482698;25,64171431;25,78969613;25,22401723
Jordan;JOR;Gross capital formation (% of GDP);NE.GDI.TOTL.ZS;30,79569737;24,96619337;33,48105473;36,62856554;33,30502834;32,96286084;30,52569427;25,72946879;21,81895968;21,56862745;22,36151166;21,05693229;20,09567265;20,84053841;27,38385099;34,1478444;28,33992169;30,26798447;36,05067442;32,53951982;35,03763119;31,74770385;31,03220302;26,59973198;25,80859519;24,83503291;23,40441876;24,71736035;24,3624337;21,41333417;21,45854138
Kazakhstan;KAZ;Gross capital formation (% of GDP);NE.GDI.TOTL.ZS;..;..;31,50912106;20,02508233;28,70407454;23,3192597;16,14663948;15,5982639;15,80456174;17,77616505;18,13904803;26,87642284;27,28772328;25,70391259;26,31108968;30,96976804;33,90079132;35,52669949;27,5064843;29,41456452;25,37354902;22,99814602;25,22966023;24,56960536;25,79024724;27,9079156;27,82758289;26,35248253;25,25821271;27,62757495;28,80691536
Kenya;KEN;Gross capital formation (% of GDP);NE.GDI.TOTL.ZS;24,1640929;20,97051486;16,92083908;17,61043506;19,29324297;21,8197611;15,00382269;15,14098814;16,69271641;15,52141487;17,41409062;18,79034052;15,13821589;16,48214939;16,96249556;17,64968479;18,6335854;20,45697839;19,61271142;19,01917242;21,2639988;21,88581228;22,19336293;22,4049681;24,950719;22,1033982;19,34843583;20,6634949;19,37598625;19,34183242;19,65158417
Kiribati;KIR;Gross capital formation (% of GDP);NE.GDI.TOTL.ZS;..;..;..;..;..;..;..;..;..;..;..;..;..;..;..;..;15,75443023;15,36489169;14,12465467;17,57209794;15,91629804;19,46151176;27,72649742;31,37706475;28,65934942;37,76906218;29,96662379;27,02083917;18,96943562;15,90718449;14,69779904
Korea, Dem. People's Rep.;PRK;Gross capital formation (% of GDP);NE.GDI.TOTL.ZS;..;..;..;..;..;..;..;..;..;..;..;..;..;..;..;..;..;..;..;..;..;..;..;..;..;..;..;..;..;..;..
Korea, Rep.;KOR;Gross capital formation (% of GDP);NE.GDI.TOTL.ZS;40,15294665;41,66500977;39,11343281;38,08028183;38,90779815;39,34375837;39,7079062;37,38213245;28,12823003;31,25305736;33,01758713;31,86659462;31,30628974;32,3968628;32,68468604;32,71436043;33,0040208;33,24913778;33,70383489;29,55800799;32,7792422;33,26134307;31,21495877;29,89901831;29,78938834;29,31220329;29,98239633;31,96529127;31,24865313;31,19558846;31,52486572
Kosovo;XKX;Gross capital formation (% of GDP);NE.GDI.TOTL.ZS;..;..;..;..;..;..;..;..;..;..;..;..;..;..;..;..;..;..;37,28367743;32,61961627;33,12848705;36,05734449;31,90172169;29,99785855;27,84600087;30,43246864;33,52200025;34,69264949;36,29454213;34,55819955;33,40612753
Kuwait;KWT;Gross capital formation (% of GDP);NE.GDI.TOTL.ZS;17,62511305;41,85571097;22,36334124;17,19154206;16,15176217;14,75862409;15,10430476;13,63898031;18,45190666;14,55554707;10,66523772;14,3046729;17,12769629;16,63255579;18,18550298;16,42676703;16,15772239;20,45665212;17,62982145;17,96584492;17,65847417;13,54813498;12,83494396;14,35144021;16,290258;25,42812271;29,95911251;27,73083875;25,54695628;23,00199785;18,65064875
Kyrgyz Republic;KGZ;Gross capital formation (% of GDP);NE.GDI.TOTL.ZS;24,06542056;15,35135135;19,92445703;11,66638654;9,013079073;18,34054914;25,19733496;21,68013114;15,44407192;18,02621861;20,01003707;17,99928265;17,60669154;11,83001595;14,48839277;16,41820748;24,19576081;26,64299703;28,94896003;27,27035541;27,4015936;25,47296383;34,9610737;33,89883556;36,75672708;34,67146926;33,93917929;32,90209146;36,01662915;34,44626363;25,0304914
Lao PDR;LAO;Gross capital formation (% of GDP);NE.GDI.TOTL.ZS;..;..;..;..;..;..;..;..;..;..;13,41565796;13,54360717;29,04042318;27,77152163;31,75424351;34,0580868;30,06954104;32,31224303;31,68198579;33,93847055;27,46248774;28,06780252;32,50425528;30,64732204;29,8013514;31,5566516;29,0076541;..;..;..;..
Latvia;LVA;Gross capital formation (% of GDP);NE.GDI.TOTL.ZS;..;..;..;..;..;16,08131874;19,54016109;21,33800237;26,09847348;22,56874779;24,96316416;28,30019924;28,62017293;31,00112646;34,36891545;36,38382941;41,81986322;43,66587574;36,97565649;23,21123234;20,93133946;26,77456393;28,63967321;25,29823818;24,66594312;24,14973251;21,75594801;22,71203801;23,87428777;23,33847454;22,15542592
Lebanon;LBN;Gross capital formation (% of GDP);NE.GDI.TOTL.ZS;31,31269096;29,27333838;29,27333838;31,036396;36,65279338;36,45508364;34,79249868;29,21649485;28,40261578;22,83110247;20,41122214;22,81354531;18,74826822;19,16102395;23,06761396;22,96601096;20,54809108;24,28208962;27,9963212;26,92101617;24,93725851;26,84636575;24,78729788;27,61242944;24,96719514;22,22277926;23,14257137;21,78793523;22,4871034;12,32247426;8,098177366
Lesotho;LSO;Gross capital formation (% of GDP);NE.GDI.TOTL.ZS;..;..;..;..;..;..;..;..;..;..;..;..;..;..;..;..;..;24,92460193;27,98144286;30,53821979;31,30119004;25,33164251;35,72059605;32,66674551;34,09681828;30,43663474;28,77600637;22,20561298;21,44727922;26,79450413;26,26467012
Liberia;LBR;Gross capital formation (% of GDP);NE.GDI.TOTL.ZS;..;..;..;..;..;..;..;..;..;..;..;..;..;..;..;..;..;..;..;..;..;..;..;..;..;..;..;..;..;..;..
Libya;LBY;Gross capital formation (% of GDP);NE.GDI.TOTL.ZS;18,61576054;13,1121256;12,15071795;16,28054008;16,33089194;12,16104869;15,50164204;12,36129762;11,96044577;9,481002038;11,84062851;10,74612403;13,51683838;19,35899613;11,63894656;9,516585449;21,0482644;19,10967795;21,664813;26,01803069;19,80079923;8,442420696;15,21876542;21,68551732;26,22372114;17,38201284;13,80046746;13,70775618;15,13376305;13,75534429;9,449830477
Liechtenstein;LIE;Gross capital formation (% of GDP);NE.GDI.TOTL.ZS;..;..;..;..;..;..;..;..;..;..;..;..;..;..;..;..;..;..;..;..;..;..;..;..;..;..;..;..;..;..;..
Lithuania;LTU;Gross capital formation (% of GDP);NE.GDI.TOTL.ZS;..;..;..;..;..;22,49974854;20,88270032;24,4102794;24,19153153;21,2148736;19,14462233;19,37461402;21,06443378;22,23176982;23,44093169;24,40854311;26,88026306;32,439675;28,24615208;12,97984533;17,85780102;22,36720291;20,27040805;20,41829009;20,30047738;22,55522691;20,28763987;20,4801158;22,40663863;19,58038623;16,51982279
Luxembourg;LUX;Gross capital formation (% of GDP);NE.GDI.TOTL.ZS;24,71269471;26,41455862;22,9760003;23,14809045;21,89742561;20,44833534;19,65702892;21,33919642;22,32558039;23,68847133;22,5591443;22,21180341;20,42786293;21,30955825;21,30531962;21,51025729;19,00387549;19,51332535;20,57963948;16,1829008;18,08319349;19,26879771;18,75230488;18,14537269;19,09358676;18,95848577;17,93191326;18,88971755;16,99491354;18,65311608;17,92949005
Macao SAR, China;MAC;Gross capital formation (% of GDP);NE.GDI.TOTL.ZS;22,81105991;27,61629836;32,02991398;31,9842272;31,98511117;26,32432047;19,61730857;18,68325253;16,00744961;15,83594526;10,37945813;9,241181594;9,888551165;13,63478313;16,06896067;25,53713494;33,52042617;36,54787051;30,40459206;18,50362867;13,24552244;13,77199098;14,64580756;14,06295898;19,78634125;25,39759063;21,89865284;19,616829;17,28414499;14,17247832;26,16852508
Madagascar;MDG;Gross capital formation (% of GDP);NE.GDI.TOTL.ZS;35,96231421;30,67470925;36,09386686;37,87512495;32,87287107;8,870919191;9,526116187;10,1519133;12,24653094;12,2933453;11,93054641;14,50921734;10,97024314;13,72456569;21,15102512;19,3271127;20,311268;26,51793134;38,74609622;37,2218957;27,02738973;23,35116673;20,16891879;16,51291325;16,49068965;15,99188793;16,36599339;15,8063769;20,70297524;22,68404813;17,71532511
Malawi;MWI;Gross capital formation (% of GDP);NE.GDI.TOTL.ZS;..;..;..;..;..;..;..;..;..;..;..;..;..;..;..;..;..;..;..;..;..;..;..;..;..;..;..;20,28731495;21,27606119;21,9119103;16,71063514
Malaysia;MYS;Gross capital formation (% of GDP);NE.GDI.TOTL.ZS;32,36032616;37,79047394;35,3625516;39,1837114;41,20208123;43,63990237;41,47919852;42,97308327;26,6749752;22,38200051;26,86748915;24,39821997;24,77734315;22,76338506;23,0495646;22,39641781;22,70352422;23,40953497;21,45830438;17,83569496;23,3865411;23,18825797;25,74862137;25,9371067;24,97760843;25,42426328;25,995512;25,54734345;23,89741996;21,04824039;19,65800823
Maldives;MDV;Gross capital formation (% of GDP);NE.GDI.TOTL.ZS;..;..;..;..;..;..;..;..;..;..;..;..;..;..;..;..;..;..;..;..;..;..;..;..;27,86117982;31,90492323;39,76628534;42,81971585;48,97017777;43,16116288;35,5119966
Mali;MLI;Gross capital formation (% of GDP);NE.GDI.TOTL.ZS;21,50569791;18,94942922;22,585538;17,40950259;23,46532867;26,62003383;22,83697984;24,63818254;20,24978645;18,2687685;17,6850224;21,22641206;16,61023962;20,46095296;18,74599327;16,46231421;21,18080109;18,81471037;21,55436959;22,2671173;23,0142231;24,1469415;20,69336506;24,13906373;26,62508185;24,89495503;27,31616771;25,54498341;24,49439785;26,50744332;20,65173653
Malta;MLT;Gross capital formation (% of GDP);NE.GDI.TOTL.ZS;30,62667752;28,9600176;25,27804404;27,37688378;28,09763205;27,02141733;27,20509708;25,09300864;26,03422262;23,59764434;27,3213667;21,05807765;17,51283081;23,00009652;23,58012204;26,79564049;20,90912727;22,52287845;22,22997715;21,2352848;21,86439202;17,50460532;19,27338534;17,09876279;15,90786134;23,4549256;21,9401763;19,15941605;19,65341129;20,96963121;20,11690203
Marshall Islands;MHL;Gross capital formation (% of GDP);NE.GDI.TOTL.ZS;..;..;..;..;..;..;..;..;..;..;..;..;..;..;17,69781791;18,0334058;29,19490223;26,69016611;19,88062756;37,83174603;42,52520174;23,0809054;12,91062535;24,32440987;20,46069892;17,39352205;20,83062438;22,66041179;22,64440909;53,15139545;20,6942928
Mauritania;MRT;Gross capital formation (% of GDP);NE.GDI.TOTL.ZS;13,95127958;14,63385128;14,44435021;10,01059017;34,30771715;14,23857208;12,31539317;10,57883538;9,762306469;11,14074592;11,29580089;12,50854692;9,543799922;21,47532956;35,25382323;48,90534;26,00065688;28,14386102;33,01992763;26,43301718;32,25108313;38,65356586;49,16682252;47,55744245;41,79671959;38,46147699;31,27764187;37,88249224;46,43313621;40,01135793;38,65932317
Mauritius;MUS;Gross capital formation (% of GDP);NE.GDI.TOTL.ZS;29,80909287;27,8468259;28,68072048;30,13382862;31,35708907;25,24064846;24,35083085;28,99834603;25,43613416;26,34981497;25,63662289;20,45539757;21,75895126;23,3646605;24,06880564;22,36689173;25,18303487;25,58555847;25,00208215;23,41772152;26,7282316;23,62001074;24,04341309;21,28227494;18,8434093;17,26962922;17,05150938;17,43498349;18,5929173;19,1587202;17,96607711
Mexico;MEX;Gross capital formation (% of GDP);NE.GDI.TOTL.ZS;23,27060354;23,42627673;23,32059903;22,62403067;24,33725794;19,31154336;19,73762696;21,14601713;22,80395162;22,24343775;22,26492461;20,27382156;20,40842563;20,88084587;22,04617823;21,52214597;22,56410295;23,07191469;24,12131589;23,25925081;23,33148941;24,25175813;24,37773906;22,68073161;22,29327598;23,73612974;24,34339234;23,89235071;23,47749306;22,14854264;20,23665935
Micronesia, Fed. Sts.;FSM;Gross capital formation (% of GDP);NE.GDI.TOTL.ZS;..;..;..;..;..;..;..;..;..;..;..;..;..;..;..;..;..;..;..;..;..;..;..;..;..;..;..;..;..;..;..
Moldova;MDA;Gross capital formation (% of GDP);NE.GDI.TOTL.ZS;..;..;..;..;..;24,87669597;24,24536028;23,81354663;25,8731283;22,88355024;23,94695909;23,28235983;21,66018247;23,17759875;26,35915022;30,82556305;32,74808062;38,10555493;39,22791869;23,14189738;23,85178659;24,04867143;24,19851924;24,9382002;23,78257066;24,06209079;21,98688532;21,93895421;26,59181067;25,10366188;23,86444435
Monaco;MCO;Gross capital formation (% of GDP);NE.GDI.TOTL.ZS;..;..;..;..;..;..;..;..;..;..;..;..;..;..;..;..;..;..;..;..;..;..;..;..;..;..;..;..;..;..;..
Mongolia;MNG;Gross capital formation (% of GDP);NE.GDI.TOTL.ZS;29,06732538;30,96435916;25,65486979;21,06595754;19,06659767;26,78499582;26,20102876;25,03468614;30,46552432;31,68812282;29,01074048;25,17394979;24,6417076;32,26278842;31,18315703;37,52855916;35,88518795;38,7051386;43,56614148;34,37094592;42,08695429;58,1507248;55,89861922;53,2757084;35,17529764;24,51384852;22,62940994;27,4062543;39,37792751;35,59184516;22,38359766
Montenegro;MNE;Gross capital formation (% of GDP);NE.GDI.TOTL.ZS;..;..;..;..;..;..;..;..;..;..;22,38840423;23,43569272;18,76108628;15,41392518;16,63114309;17,72650488;23,65472439;34,49867565;40,83647396;26,67111018;22,27012401;19,10450058;20,0742817;18,84669866;19,49500941;19,73579497;24,95989399;28,64671948;31,35132757;30,91224935;30,08751728
Morocco;MAR;Gross capital formation (% of GDP);NE.GDI.TOTL.ZS;31,06029454;27,32216106;27,71036859;26,47419556;25,66747298;25,39394203;24,47144061;24,92166377;24,99962005;23,2448569;23,8068463;24,86037185;24,41379929;26,05060604;27,89840503;27,41681426;27,9527831;30,80388486;35,5127958;32,18527486;31,49071664;32,94624369;32,17935443;32,00462009;30,77425423;30,17718823;31,95799128;31,65807145;32,1395673;30,59493352;28,77697342
Mozambique;MOZ;Gross capital formation (% of GDP);NE.GDI.TOTL.ZS;..;31,60113657;34,85777915;34,0763949;30,1617062;39,08484252;25,52178575;25,17812645;27,69545482;44,30287109;41,13066992;33,50036556;40,59308746;33,42661916;28,59782867;25,36985736;23,93494867;22,35049151;22,03024593;19,7560524;23,19552126;29,40608395;50,59042959;56,39581089;53,64317476;42,2457875;46,28039587;32,20430684;45,98076582;40,84611993;44,82667647
Myanmar;MMR;Gross capital formation (% of GDP);NE.GDI.TOTL.ZS;..;..;..;..;..;..;..;..;..;..;..;..;..;..;..;..;..;..;..;..;..;..;..;..;..;..;..;..;..;..;..
Namibia;NAM;Gross capital formation (% of GDP);NE.GDI.TOTL.ZS;27,05753653;15,42148665;18,45096002;15,2887662;19,06764533;19,34800504;20,4759779;17,71963207;22,34970266;20,51071826;17,04146597;22,25254245;18,58844868;19,38828244;19,06046146;19,66981339;22,21202147;24,06133371;27,47392346;26,11592517;23,77999896;22,05400887;26,72266896;29,39541976;34,77655097;30,55643969;22,02994283;17,76649562;14,9163471;15,32911271;13,92920342
Nauru;NRU;Gross capital formation (% of GDP);NE.GDI.TOTL.ZS;..;..;..;..;..;..;..;..;..;..;..;..;..;..;..;..;..;..;..;..;..;..;..;..;..;..;..;..;..;..;..
Nepal;NPL;Gross capital formation (% of GDP);NE.GDI.TOTL.ZS;18,12582192;20,2534713;20,70466177;22,57089514;22,40354892;25,19949812;27,20508772;25,34071505;24,83936911;20,48351636;24,31486635;22,34304622;20,24621117;21,40937893;24,53114957;26,4511581;26,85190281;28,68525075;30,315647;31,67437709;38,27120645;27,81024448;28,60270524;29,67660902;30,98608823;31,27743482;28,2409992;37,32505401;39,54780034;41,37874091;30,44028151
Netherlands;NLD;Gross capital formation (% of GDP);NE.GDI.TOTL.ZS;23,90127116;23,00459235;22,99581185;20,96939253;21,21246767;21,42216512;22,23399942;22,55396851;22,74268753;22,97122646;22,45887247;22,60441752;20,96575668;20,431112;20,23541452;20,39134224;20,93527213;23,22861387;22,20593;20,57673052;20,03710604;19,91164809;18,58265779;18,36073603;17,70663413;22,16998605;19,77644323;20,21519296;20,48044325;21,75803569;21,35197798
New Caledonia;NCL;Gross capital formation (% of GDP);NE.GDI.TOTL.ZS;31,3999986;..;..;..;..;..;..;..;21,26648557;22,3639044;22,93979677;22,91938446;24,4979752;29,42880374;26,60267717;29,84674144;33,87309807;37,5729019;41,30290521;34,04040472;42,44388211;41,66504212;40,91708596;39,34408795;35,60319695;34,72253256;29,23584472;27,79173714;27,5984468;29,45656005;27,31694264
New Zealand;NZL;Gross capital formation (% of GDP);NE.GDI.TOTL.ZS;20,47105495;17,54446009;18,66598583;21,22494827;22,5816777;23,65331061;23,14517166;22,92897009;20,81141295;23,2325641;22,03456304;22,95201691;22,74653982;24,12838577;25,28160767;25,42086819;23,75933118;24,7759451;22,90390379;19,92647776;20,37565733;20,64894265;21,27602948;22,17738127;23,05972822;23,19530146;23,16572611;23,70401683;23,9860432;23,76769548;23,11174293
Nicaragua;NIC;Gross capital formation (% of GDP);NE.GDI.TOTL.ZS;19,27580248;20,77637902;20,92481035;19,46602168;17,53131976;18,92908425;22,17680296;26,28560012;25,82443338;33,00268271;26,65475319;24,30690783;22,43231223;22,25050899;24,11100278;25,88521373;28,25261539;31,30405493;33,6019905;23,20045583;24,83986814;30,98264543;31,01167706;30,90475212;28,87934549;33,4766376;31,2003869;29,91543053;24,07461372;17,83107663;20,33663661
Niger;NER;Gross capital formation (% of GDP);NE.GDI.TOTL.ZS;11,28478681;12,09037478;8,501262155;6,531343933;12,98262195;12,03334627;14,6672771;13,63018468;14,62662941;11,19952693;13,14220964;13,79242825;14,62602192;13,93030023;12,49715251;19,33543003;19,8084879;18,91377332;26,44355253;28,47227196;32,64046052;31,61312883;29,31424369;29,71248147;31,11008199;32,35682287;27,52106963;26,01525214;28,91877222;30,67232094;28,48973231
Nigeria;NGA;Gross capital formation (% of GDP);NE.GDI.TOTL.ZS;..;..;..;..;..;..;..;..;..;..;..;..;..;..;..;..;..;..;..;..;..;..;..;..;..;..;..;..;..;..;..
North Macedonia;MKD;Gross capital formation (% of GDP);NE.GDI.TOTL.ZS;17,76315789;16,80785124;14,72110269;15,2046342;14,70324675;19,73462097;19,09791856;19,93958899;21,16539054;18,72711477;21,88010264;17,35547341;20,83022341;17,92931736;21,04592109;19,84554883;21,40813523;23,71268662;27,93270505;25,74248352;24,46809484;26,91313396;28,92717638;28,80804796;30,29522526;30,40357525;32,50968821;32,27294348;32,32881107;34,2601161;29,91737389
Northern Mariana Islands;MNP;Gross capital formation (% of GDP);NE.GDI.TOTL.ZS;..;..;..;..;..;..;..;..;..;..;..;..;..;..;..;..;..;..;..;..;..;..;..;..;..;..;..;..;..;..;..
Norway;NOR;Gross capital formation (% of GDP);NE.GDI.TOTL.ZS;24,7645897;22,31260608;21,63553247;22,15580763;23,01887339;24,20566938;22,90086397;25,19897664;28,25185209;24,57908364;21,81803845;20,55022378;20,33021235;19,42848171;21,50948229;22,42231867;23,92929747;27,0747411;25,78314999;24,29569556;24,98868675;25,44598102;25,87203436;27,32761982;27,20999211;26,91884149;27,72642156;27,5528324;27,72684304;29,6114444;31,35211573
Oman;OMN;Gross capital formation (% of GDP);NE.GDI.TOTL.ZS;10,84059557;13,18676894;14,35748863;15,39403465;13,82113821;13,15092966;12,02343411;15,49096781;38,14394553;27,64303528;22,58377343;24,05570326;25,9564536;29,37929149;33,68402724;28,41185433;33,60006353;39,7555394;42,00462744;34,06090394;29,38655462;27,66177369;30,2100349;32,35647939;28,62176933;36,3715665;36,08647488;33,84336784;31,67519327;26,86491787;27,62066933
Pakistan;PAK;Gross capital formation (% of GDP);NE.GDI.TOTL.ZS;18,93537303;18,89643347;20,13348357;20,68500308;19,39740525;18,54552334;18,99665735;17,91919654;17,71119965;15,56494244;16,31067792;15,99690874;14,96241043;15,31486559;15,65077071;16,26644379;18,28221416;17,53593622;17,99642261;17,57773743;15,96155243;14,63162752;15,16898694;14,98238045;14,90755421;15,81093055;15,93574685;16,33289108;17,06829084;15,49964497;14,81553999
Palau;PLW;Gross capital formation (% of GDP);NE.GDI.TOTL.ZS;..;..;..;..;..;..;..;..;..;..;..;..;..;..;..;42,57134709;38,50292047;34,75642591;31,81319343;25,1428709;25,58954405;29,49001697;28,12418191;24,77606186;31,36177868;28,03698054;28,73787507;32,53634644;28,82024143;34,56196573;41,71989417
Panama;PAN;Gross capital formation (% of GDP);NE.GDI.TOTL.ZS;21,14068661;24,10735871;29,75866457;31,06119526;33,68337304;38,04409522;26,73539235;27,03859799;29,82370248;29,0771344;28,40604302;22,37761576;21,20125719;25,48349551;27,10549257;27,03433898;28,60537815;35,38651421;41,39047649;30,85654956;37,34120254;37,61851789;42,50402236;43,07053092;43,5746775;42,26636864;40,2623341;41,48457482;41,19909099;38,06746587;23,95460779
Papua New Guinea;PNG;Gross capital formation (% of GDP);NE.GDI.TOTL.ZS;24,44249724;27,40459286;23,30333886;17,63473115;21,3665642;21,93918511;22,74551636;21,05757952;17,90668538;16,36833669;21,89201709;22,95188673;21,19198318;19,92146918;20,0013065;..;..;..;..;..;..;..;..;..;..;..;..;..;..;..;..
Paraguay;PRY;Gross capital formation (% of GDP);NE.GDI.TOTL.ZS;17,80891327;19,10888215;18,49306454;19,66861796;24,41356539;22,02083114;22,12943637;22,91823647;20,11206814;18,97058345;17,33924481;17,96778381;18,0997007;20,6270244;20,06819025;20,90318441;21,95038425;21,32456811;22,24829434;18,91596997;23,83495844;24,66157001;21,26421133;22,01698325;22,65880641;21,87868241;19,80617396;20,6000429;22,7820848;21,68531162;20,04146035
Peru;PER;Gross capital formation (% of GDP);NE.GDI.TOTL.ZS;16,16440551;17,39809243;17,78473112;19,07140457;22,24713174;24,73911344;22,5867587;23,78941932;23,20495;20,66125433;19,62798476;18,15950517;17,96814589;17,51028937;16,85568254;17,28381768;19,65060237;22,03238732;26,17834594;19,97867798;23,76050904;24,2008756;24,60605631;25,57418187;24,66612051;24,30511436;22,02131339;20,71181371;21,31117514;20,83363955;18,19125889
Philippines;PHL;Gross capital formation (% of GDP);NE.GDI.TOTL.ZS;23,33171058;19,71709251;20,74833124;23,1855368;23,31145265;21,79429508;23,2823367;24,06448803;19,98891564;16,20065404;15,68436416;18,94517588;20,45913714;19,52873561;20,73100745;18,56653007;16,01533777;16,12864711;18,96714692;17,4317212;20,44177114;20,73993657;19,56072797;20,64222411;20,92397044;21,34094787;24,6185031;25,55877386;27,15058204;26,40180846;17,43337903
Poland;POL;Gross capital formation (% of GDP);NE.GDI.TOTL.ZS;..;..;..;..;..;19,86252133;21,85816296;23,77831899;25,21816355;25,50018237;24,69996767;20,64089749;18,54447936;18,91115422;20,48906532;20,10736006;21,9561663;25,41864591;24,7561451;20,75791411;20,85866889;22,34504631;20,80195187;19,128045;20,82727892;20,80169588;20,08730091;19,90814468;21,44388097;20,70767945;18,83940516
Portugal;PRT;Gross capital formation (% of GDP);NE.GDI.TOTL.ZS;27,72113145;25,73868047;24,94600222;22,14545343;22,95076839;24,19337764;24,40835152;26,52434415;28,31676211;29,02782076;28,7766388;28,15749178;25,9043295;23,11470536;23,82432384;23,35861393;22,92567333;23,09988624;23,57949316;20,84250748;21,19945268;18,6613799;15,75366081;14,68352993;15,34440395;15,93798887;16,02836246;17,4462865;18,5247215;18,76826598;19,41857918
Puerto Rico (US);PRI;Gross capital formation (% of GDP);NE.GDI.TOTL.ZS;16,95436457;15,59759397;15,45346102;16,04904072;16,3290429;16,86928544;17,4552189;18,56583883;16,91756153;20,70019536;19,714561;17,56905376;16,19384001;15,52781869;15,31736767;14,59642599;13,99146271;13,39057278;12,14615872;10,43091499;9,160379056;10,06968492;10,33448596;9,529526598;8,941215745;8,598555751;8,075298529;7,794152476;15,33140976;15,34866599;10,88092899
Qatar;QAT;Gross capital formation (% of GDP);NE.GDI.TOTL.ZS;..;..;..;..;24,52408413;35,08540963;35,76540592;35,43186486;31,97428179;18,88231252;20,15128546;29,11967419;32,64712559;34,86569464;31,51101184;34,30788878;41,88871491;46,01657063;41,11796712;42,96404915;31,6551223;29,03183549;27,14439899;27,82789033;31,79005322;37,06720383;48,86908279;42,61134737;40,65905347;43,73536594;43,84915085
Romania;ROU;Gross capital formation (% of GDP);NE.GDI.TOTL.ZS;30,24828069;28,0457371;31,40549327;28,92771938;24,80913473;23,3161643;23,09509383;21,29874;18,38293112;15,64930777;19,66958111;22,75601109;22,17269811;23,19531924;24,2165645;22,93068546;27,46696985;31,33701879;33,09368444;27,20268756;27,18907942;27,8097014;26,72224273;25,25149058;25,22571965;25,49601529;23,66468735;23,98673776;23,04357425;24,40737931;24,33196349
Russian Federation;RUS;Gross capital formation (% of GDP);NE.GDI.TOTL.ZS;30,13039429;36,26742939;34,61336139;27,00717159;25,53745395;25,4388784;23,66740011;21,97638947;14,96412223;14,83030005;18,69376019;21,94981733;20,02954619;20,85895848;20,90127508;20,07749692;21,1715918;24,16451403;25,50121971;18,92637574;22,61505055;24,26073793;24,55369335;23,27168199;22,39086423;22,14872532;23,09542247;23,60675586;21,91808915;22,66151377;23,45582915
Rwanda;RWA;Gross capital formation (% of GDP);NE.GDI.TOTL.ZS;14,64998322;14,02174997;15,63409604;16,74702088;9,982509017;13,40913299;14,37042637;13,80977944;14,80766112;11,97341392;12,29117235;12,78442892;12,61610215;13,16898985;14,35720062;15,14713958;15,02508989;16,7899323;21,34469992;21,01519402;20,53250116;20,90139699;23,30414455;24,43115374;23,22903203;24,24097809;25,89584536;23,8350248;22,32219332;27,0287152;23,73465633
Samoa;WSM;Gross capital formation (% of GDP);NE.GDI.TOTL.ZS;..;..;..;..;..;..;..;..;..;..;..;..;..;..;..;..;..;..;..;31,74137506;14,64470838;37,14933031;40,29913291;9,01812018;37,33318439;35,86163558;35,46488167;32,18258733;33,14016603;33,65064889;33,19050487
San Marino;SMR;Gross capital formation (% of GDP);NE.GDI.TOTL.ZS;..;..;..;..;..;..;..;..;..;..;..;..;..;..;..;..;..;..;..;..;..;..;..;..;..;12,08620405;15,76919793;19,11935375;20,6091867;24,02447315;18,05086818
Sao Tome and Principe;STP;Gross capital formation (% of GDP);NE.GDI.TOTL.ZS;..;..;..;..;..;..;..;..;..;..;..;..;..;..;..;..;..;..;..;..;..;..;..;..;..;..;..;..;..;..;..
Saudi Arabia;SAU;Gross capital formation (% of GDP);NE.GDI.TOTL.ZS;15,68401339;19,98562127;22,96364975;25,05497374;20,35714991;20,28612943;18,57130115;18,77757291;22,9493394;21,51362297;19,316965;19,62315138;19,69334282;19,49241238;19,86461682;20,1748335;22,21516113;26,47291842;27,29579456;31,71528236;30,92623202;26,76579387;26,45783867;26,29495625;28,53283258;32,43393849;28,11705209;25,47572658;22,37270568;25,55228423;23,3158218
Senegal;SEN;Gross capital formation (% of GDP);NE.GDI.TOTL.ZS;14,59725848;14,69274051;15,33941511;14,6596389;17,1399921;15,29954197;16,39047513;15,8480599;18,74498021;22,01059636;22,37322729;25,57021351;23,11500213;23,92627125;23,63366968;24,57287925;22,41682526;24,61841488;26,22670833;20,39748837;20,08694666;21,00034001;24,62409725;24,06634851;25,88078677;25,83330875;25,36167303;29,81557434;32,64794094;31,96566034;35,63296509
Serbia;SRB;Gross capital formation (% of GDP);NE.GDI.TOTL.ZS;..;..;..;..;..;13,170774;13,26530122;13,74605937;8,670463439;7,70935559;9,063631079;14,7411021;17,37765276;18,38795526;24,85956612;21,79438571;21,72889941;24,89893906;25,91339626;18,55457652;17,32418419;18,1499404;18,81037838;17,12355752;16,47785323;18,51430984;18,16692412;19,71839691;22,49926049;24,92662502;24,09749362
Seychelles;SYC;Gross capital formation (% of GDP);NE.GDI.TOTL.ZS;24,26330082;22,03665109;21,29170791;28,09412423;26,94246297;30,01611664;39,07610977;31,39888227;34,43368467;42,90622205;24,91839395;40,39510028;27,58813456;10,96298318;17,41606427;23,86914095;30,32222386;29,22442943;27,643034;28,02722542;37,03142382;34,81624936;37,72992035;38,56690571;29,05489887;26,87951537;25,13473942;24,53517669;21,98698662;22,08559453;21,3213199
Sierra Leone;SLE;Gross capital formation (% of GDP);NE.GDI.TOTL.ZS;13,00591548;10,90886991;8,369774228;7,748114261;8,663770457;5,572866056;11,03600435;-2,4243579;5,313475256;0,292869776;1,096810372;10,99308101;11,80615287;11,32988331;10,42983472;11,40960791;10,54685984;10,1591673;10,37940579;11,20886159;34,43355579;46,54541573;29,40980518;17,65178992;15,98229099;18,06132495;17,66189665;19,13998463;15,61725708;16,02593883;15,34121073
Singapore;SGP;Gross capital formation (% of GDP);NE.GDI.TOTL.ZS;35,65311389;33,97994469;35,51569591;37,20204936;32,91205931;33,8813128;35,04012456;38,16979721;31,49003763;32,69147536;35,174036;27,6094318;25,07361279;17,22452487;22,89246167;21,50693625;22,37926344;23,06595291;30,15967637;27,37011521;27,65822752;26,69199435;29,26294267;29,97950219;29,43000828;25,35319302;26,39717776;27,27651047;24,77485368;24,5014074;22,80539556
Sint Maarten (Dutch part);SXM;Gross capital formation (% of GDP);NE.GDI.TOTL.ZS;..;..;..;..;..;..;..;..;..;..;..;..;..;..;..;..;..;..;..;..;..;..;..;..;..;..;..;..;..;..;..
Slovak Republic;SVK;Gross capital formation (% of GDP);NE.GDI.TOTL.ZS;29,87541844;28,10670387;25,98166641;23,87414577;20,30900502;24,05441419;34,50702234;35,40880968;35,03709471;29,98604606;27,81532255;31,45310746;30,87501993;26,50468044;27,5953334;30,57614925;29,26621491;29,00135898;29,29292996;21,40287538;25,37833683;26,53339231;21,47490424;22,11314893;22,77981591;25,77772826;24,53926978;23,55595909;24,20142126;24,06191052;20,22680988
Slovenia;SVN;Gross capital formation (% of GDP);NE.GDI.TOTL.ZS;17,45293521;17,18141621;17,86608124;19,65370324;21,27220981;25,25802807;25,01557932;26,16038554;27,21392637;29,1616388;29,05749117;26,8861602;25,70100156;26,83825823;29,04711559;28,69864998;30,57455574;33,29812606;33,14527874;23,74561855;22,56013449;21,869005;18,86093559;19,78422679;19,74526531;19,46862166;18,84790889;20,25033479;21,56084468;20,83452407;20,18967195
Solomon Islands;SLB;Gross capital formation (% of GDP);NE.GDI.TOTL.ZS;7,545378213;9,551322575;7,870415388;9,074797296;6,863362076;5,253688746;5,711354722;6,591147108;7,2156493;6,903468629;7,629120287;7,911612026;5,945709852;9,035302328;9,919334822;12,60245331;11,6455348;13,10135857;13,37827488;12,79120211;17,94388299;15,01936209;14,61757466;14,64686691;12,63681212;15,9448743;17,21663089;19,56104539;19,13850509;22,69557736;16,72381658
Somalia, Fed. Rep.;SOM;Gross capital formation (% of GDP);NE.GDI.TOTL.ZS;13,78302859;..;..;..;..;..;..;..;..;..;..;..;..;..;..;..;..;..;..;..;..;..;15,73603308;14,36956002;13,41040635;13,14808121;12,8456369;13,82510705;16,10567763;16,08133087;16,00602689
South Africa;ZAF;Gross capital formation (% of GDP);NE.GDI.TOTL.ZS;18,2312412;17,83548508;15,71455499;14,16120782;16,47049579;17,70001323;16,5683989;16,29410044;16,42789137;15,65504649;15,06028109;14,57378031;15,03611966;15,65711453;16,96035132;16,83181534;18,49020269;19,32596508;21,28724912;18,7669442;17,5956446;18,85323766;18,58453544;19,16876259;18,48796382;18,63320666;16,96045229;16,61073406;16,17058298;15,82079338;12,34554415
South Sudan;SSD;Gross capital formation (% of GDP);NE.GDI.TOTL.ZS;..;..;..;..;..;..;..;..;..;..;..;..;..;..;..;..;..;..;13,76998753;13,65213098;10,28965508;9,488777068;7,074252837;11,36777383;7,99450883;5,750756372;..;..;..;..;..
Spain;ESP;Gross capital formation (% of GDP);NE.GDI.TOTL.ZS;26,83668218;26,01750219;24,06638373;21,46390906;21,65187144;22,51927719;22,23599334;22,6184122;23,93427161;25,54742441;26,67237005;26,48247113;26,70564886;27,52855112;28,30282574;29,40410851;30,58431246;30,45898022;28,47904411;23,35194177;22,39884138;20,71358392;18,59446853;17,41233869;18,14814779;19,37344082;19,06111221;19,56566703;20,70617582;20,90882261;20,62664827
Sri Lanka;LKA;Gross capital formation (% of GDP);NE.GDI.TOTL.ZS;22,20588967;22,87018759;24,27536487;25,55723479;27,02716704;25,73108786;24,24908349;24,38614266;25,1367897;27,29051514;28,03927368;22,0040128;23,28905072;22,02046895;25,25376152;26,82745552;27,97990935;27,95214336;27,55238306;24,43386575;..;..;..;..;..;34,27579881;36,45304446;39,72663052;38,05677478;34,10871606;32,87112315
St. Kitts and Nevis;KNA;Gross capital formation (% of GDP);NE.GDI.TOTL.ZS;..;..;..;..;..;..;..;..;..;..;..;..;..;..;..;..;..;..;..;..;..;..;..;..;..;..;..;..;..;..;..
St. Lucia;LCA;Gross capital formation (% of GDP);NE.GDI.TOTL.ZS;..;..;..;..;..;..;..;..;..;..;..;..;..;..;..;..;..;..;..;..;..;..;..;..;..;..;..;..;..;..;..
St. Martin (French part);MAF;Gross capital formation (% of GDP);NE.GDI.TOTL.ZS;..;..;..;..;..;..;..;..;..;..;..;..;..;..;..;..;..;..;..;..;..;..;..;..;..;..;..;..;..;..;..
St. Vincent and the Grenadines;VCT;Gross capital formation (% of GDP);NE.GDI.TOTL.ZS;..;..;..;..;..;..;..;..;..;..;..;..;..;..;..;..;..;..;..;..;..;..;..;..;..;..;..;..;..;..;..
Sudan;SDN;Gross capital formation (% of GDP);NE.GDI.TOTL.ZS;10,43693088;10,51298826;12,36986103;15,19929237;10,65530072;5,53916709;12,006718;8,9745862;10,22639508;10,34376592;24,88803086;20,53100776;21,56635179;22,07481444;23,61173192;21,2067763;22,88917699;21,30612613;20,66890797;22,3259083;20,39853923;23,26243402;19,72413162;17,1950467;15,04153415;12,80813353;9,305915263;10,76863444;9,989350238;14,30500784;5,786535233
Suriname;SUR;Gross capital formation (% of GDP);NE.GDI.TOTL.ZS;..;..;..;..;..;..;..;..;..;..;..;..;..;..;..;..;40,16097696;46,18533681;44,30810476;50,18800526;36,2044526;..;..;..;..;..;..;..;..;..;..
Sweden;SWE;Gross capital formation (% of GDP);NE.GDI.TOTL.ZS;29,11052494;24,65553104;22,67102118;18,72348344;20,02128477;20,45895144;20,1959941;19,98155327;21,10296272;21,22590147;22,2311756;22,30391922;21,60471563;21,24594193;21,16284369;21,2773139;22,454923;24,07815503;23,96106812;20,4603002;22,42190232;23,2373151;21,99377365;21,89937598;22,86448959;23,79066949;24,34911119;25,09196492;25,33602549;24,47724551;24,42075424
Switzerland;CHE;Gross capital formation (% of GDP);NE.GDI.TOTL.ZS;34,91963409;31,7129837;28,96460351;27,58205085;28,31869532;28,06369642;27,60826077;26,09019169;27,41310524;27,08027195;27,23419109;27,695137;26,21494022;25,98441819;24,54846447;27,189219;27,91893406;26,7888146;27,41202622;28,34198949;25,8955592;28,49241873;26,660229;25,15493396;25,55319604;25,07486328;25,5619284;26,04431434;25,73445323;26,4377929;29,57874984
Syrian Arab Republic;SYR;Gross capital formation (% of GDP);NE.GDI.TOTL.ZS;..;..;..;..;..;..;..;..;..;..;..;..;..;..;..;..;..;..;..;..;..;..;..;..;..;..;..;..;..;..;..
Tajikistan;TJK;Gross capital formation (% of GDP);NE.GDI.TOTL.ZS;..;..;..;39,15792153;32,31930693;28,66833811;22,32033074;19,6888653;15,42406125;17,33498141;9,41400347;16,38279507;9,295718899;9,136720292;11,7772899;11,64765632;15,96644957;24,63293868;26,50872536;24,84475362;23,84618187;29,20944029;23,26736369;24,90571475;26,51569872;44,68945306;40,52231873;29,92955615;37,26343668;35,38866234;33,47495126
Tanzania;TZA;Gross capital formation (% of GDP);NE.GDI.TOTL.ZS;17,98141985;18,13522062;18,75257011;17,30203232;16,97437018;13,62782127;11,45712086;10,26038241;21,03386762;18,21833142;17,46279682;18,31679309;18,08809509;20,68438651;24,49358057;27,39589792;30,32396445;32,65121735;37,4895217;34,35567687;32,01724431;34,7360333;34,84510151;37,47060735;37,65396656;32,75869228;32,17478605;32,3541414;38,37657448;39,72640573;38,74648749
Thailand;THA;Gross capital formation (% of GDP);NE.GDI.TOTL.ZS;41,35376259;42,84137755;39,96394765;39,65614664;40,90778485;42,8626944;42,53268871;34,27472926;20,07149552;20,17340505;22,28260569;23,11243721;22,74419377;23,82929867;25,6814147;30,42075086;27,01164339;25,49601429;28,22643495;20,63639838;25,35665463;26,79145825;28,02416571;27,45710118;23,91901955;22,35564064;21,1054892;22,93429569;25,21959016;23,81475257;23,75538517
Timor-Leste;TLS;Gross capital formation (% of GDP);NE.GDI.TOTL.ZS;..;..;..;..;..;..;..;..;..;..;33,53118479;30,21006026;27,90946152;22,30308139;17,09307707;15,79078931;12,13720837;18,66374305;31,32739007;48,86406208;42,71781168;70,33493627;60,02912094;41,78877782;43,14740801;36,94927952;39,84875959;35,63445456;35,92325103;26,77678277;16,46570198
Togo;TGO;Gross capital formation (% of GDP);NE.GDI.TOTL.ZS;36,14051413;37,42543885;36,62923295;7,83623039;33,26383226;37,72416905;27,36253919;26,19038646;20,96603893;20,40002713;29,49747031;29,32056692;30,66906716;32,09516004;35,56416488;25,11140807;19,02382229;18,78453806;17,08592739;14,49164285;15,84042478;19,9043015;17,69647291;22,11466883;22,37696666;25,18501517;20,15724575;16,83606545;19,13600025;18,60169443;19,81052971
Tonga;TON;Gross capital formation (% of GDP);NE.GDI.TOTL.ZS;18,49329963;16,73803468;17,72781924;18,09359837;20,36852172;25,9729521;25,90304222;17,35153329;20,45531145;19,3034504;20,25851106;23,48829461;24,27905137;20,44103909;20,02266588;21,9887117;20,83038933;20,54283865;20,3560838;24,66403644;29,15474137;35,25383233;36,42353229;23,48271483;22,59690846;25,36148453;24,68994071;27,90307163;24,51665953;27,59719848;24,57287292
Trinidad and Tobago;TTO;Gross capital formation (% of GDP);NE.GDI.TOTL.ZS;..;..;..;..;..;..;..;..;..;..;16,78524918;26,71323027;22,62515545;25,18835448;16,62401938;11,36389973;17,92138055;26,50724645;23,04452641;31,42540229;23,14211577;21,89283139;20,8107388;20,76804339;19,69702913;25,51090912;19,55453275;20,90911011;22,91908284;20,97351003;20,51503752
Tunisia;TUN;Gross capital formation (% of GDP);NE.GDI.TOTL.ZS;27,06805847;25,98846103;29,19420975;29,23958262;24,64429802;24,70061812;25,01376775;24,45888578;24,91712818;24,62025735;25,89880884;26,17934632;23,81128956;23,32330691;23,30187829;21,67944401;23,44949974;23,6821787;25,52358105;24,28865045;25,8362687;25,03724257;26,09702647;23,86784867;23,86461102;21,73899971;20,47500758;21,29455993;22,96356612;19,80339808;12,68822891
Turkiye;TUR;Gross capital formation (% of GDP);NE.GDI.TOTL.ZS;24,54926752;22,71203962;23,36227144;26,61560909;21,32053293;27,40232527;29,0861159;27,02798613;25,29976314;21,50496378;24,01131824;19,6143622;21,52598936;22,85678113;25,1677734;27,56747087;30,15771492;29,54934133;29,72620075;23,69487567;28,45207778;31,95828623;29,42153821;31,3649432;30,21153907;30,06289915;29,82883002;32,7946922;31,34080091;27,50583038;34,15405608
Turkmenistan;TKM;Gross capital formation (% of GDP);NE.GDI.TOTL.ZS;40;45,76271186;..;36,9261477;..;..;49,42077419;38,67686769;45,49481958;39,67090501;34,73865594;31,71266121;27,5596817;25,4187358;23,05361962;22,91959465;19,50195649;18,6;31,7;46,6;51,8808272;51,93184421;47,2;..;..;..;..;..;..;..;..
Turks and Caicos Islands;TCA;Gross capital formation (% of GDP);NE.GDI.TOTL.ZS;..;..;..;..;..;..;..;..;..;..;..;..;..;..;..;..;..;..;..;..;..;..;..;..;..;..;..;..;..;..;..
Tuvalu;TUV;Gross capital formation (% of GDP);NE.GDI.TOTL.ZS;..;..;..;..;..;..;..;..;..;..;..;..;..;..;..;..;..;..;..;..;..;..;..;..;..;..;..;..;..;..;..
Uganda;UGA;Gross capital formation (% of GDP);NE.GDI.TOTL.ZS;12,70408004;15,17126512;15,93892774;15,24578648;14,68182634;12,41202536;20,17268942;18,17855649;16,44714507;19,54912064;19,48382172;19,30205942;20,2174228;20,98414158;20,14568992;22,35514586;21,13037002;22,08305527;22,97777384;26,61603876;27,10395535;26,75498053;26,17717565;31,97397981;26,85345466;23,85979445;25,41528826;24,61404269;24,32859898;25,52946078;24,21595056
Ukraine;UKR;Gross capital formation (% of GDP);NE.GDI.TOTL.ZS;..;26,38795987;34,45062587;36,29251448;35,33144648;26,68320847;22,67078816;21,4459382;20,81721043;17,51295465;19,80377907;21,81318811;20,19065679;21,94263669;21,09586512;22,50653255;24,54275793;27,78116537;27,39259138;17,06840879;18,372368;20,44400368;19,61467923;16,42576102;13,39649572;15,93331603;21,72416236;19,96473264;18,58833885;14,89035748;8,932299327
United Arab Emirates;ARE;Gross capital formation (% of GDP);NE.GDI.TOTL.ZS;..;..;..;..;..;..;..;..;..;..;..;22,50259715;22,54568155;22,12976184;19,97851906;20,16684881;19,27039968;25,19918282;25,09809154;31,63354876;28,91930537;24,77382713;23,42142369;21,14072546;22,12220224;21,643204;20,92925379;20,60359481;21,16113098;23,18532826;22,82665626
United Kingdom;GBR;Gross capital formation (% of GDP);NE.GDI.TOTL.ZS;23,55588795;20,09455187;19,31511136;18,84817234;19,87435547;18,92046166;19,12546833;18,29763839;18,79868848;18,53874028;18,94693775;18,79627167;18,69917951;18,32234721;18,10061161;18,41326807;18,90966659;19,17493325;18,28865878;15,98661028;16,61811604;16,49168086;16,514589;17,1697394;18,43241785;18,47552095;18,59563887;19,13173713;18,87611619;19,02851403;18,28071464
United States;USA;Gross capital formation (% of GDP);NE.GDI.TOTL.ZS;21,52921345;20,11060502;20,077582;20,39362787;21,27909677;21,27264914;21,70181499;22,40970908;22,9583332;23,41912715;23,6783759;22,1767206;21,72265041;21,74564312;22,65215058;23,37571468;23,53752332;22,55757783;21,03749419;17,76875578;18,67222167;19,03354326;19,95072315;20,42462738;20,96962034;21,51987552;21,01063766;21,3021477;21,69876084;21,83096307;21,71744607
Uruguay;URY;Gross capital formation (% of GDP);NE.GDI.TOTL.ZS;12,20085101;15,12534471;15,3848956;15,64129551;15,87163413;15,40771142;15,24021227;16,84529339;17,33757808;15,07533096;14,4570209;14,32793979;13,07290595;15,20630885;17,4684628;17,69885816;19,46057343;19,52605528;23,20809459;19,62477452;19,40760548;20,88231101;22,91537973;22,48441201;21,20281224;19,7053904;17,38915773;15,92403567;14,85349865;14,12085039;16,23367649
Uzbekistan;UZB;Gross capital formation (% of GDP);NE.GDI.TOTL.ZS;..;..;43,93014881;14,65023751;18,20042665;24,19982608;23,00009516;18,89939908;20,90063397;17,10033542;19,60001229;21,09999391;21,19999463;20,8;24,5;28;29,61008099;28,20574672;32,03634609;29,94778798;27,17819793;26,70795768;30,07193296;27,47421998;27,95917023;26,3433389;25,75925421;27,22918636;34,9925116;39,15653627;37,59335803
Vanuatu;VUT;Gross capital formation (% of GDP);NE.GDI.TOTL.ZS;31,16495523;24,4563042;19,77308195;19,9253364;21,77253345;21,23564555;18,49315068;17,67069544;17,14653033;18,99228168;19,91399802;18,35378869;19,5414877;16,84580351;23,23848737;24,11931028;28,54703668;32,89349314;41,74030703;41,64124129;37,00689273;28,72505624;24,08845521;27,39217765;24,22309802;33,67955748;25,57049364;27,86156165;26,80036915;24,43741275;33,24247825
Venezuela, RB;VEN;Gross capital formation (% of GDP);NE.GDI.TOTL.ZS;9,889709866;18,07448382;22,95480824;18,14511186;13,69892263;17,52859447;16,01983166;27,67252513;30,66040253;26,51677827;24,17039199;27,52416769;21,15888805;15,21744227;21,79846444;23,00403357;26,92191284;30,34003827;26,82612588;25,79694602;21,97165797;23,07239708;23,80306693;31,6959701;19,73539659;19,43009767;10,24529321;5,111199374;4,27874773;6,800945341;9,206482601
Viet Nam;VNM;Gross capital formation (% of GDP);NE.GDI.TOTL.ZS;..;..;..;..;..;27,1442427;28,10289815;28,29958262;29,04987854;27,62975631;29,60991382;31,17277345;33,22053449;35,44485796;35,46533167;33,75740289;34,53665108;39,5662709;36,4931218;37,16255543;37,09907617;32,37114344;30,55928977;30,21290346;30,28902679;32,10891582;31,7245391;32,30530092;32,0195029;31,97996066;31,91568839
Virgin Islands (U.S.);VIR;Gross capital formation (% of GDP);NE.GDI.TOTL.ZS;..;..;..;..;..;..;..;..;..;..;..;..;..;..;..;..;..;..;..;..;..;..;..;..;..;..;..;..;..;..;..
West Bank and Gaza;PSE;Gross capital formation (% of GDP);NE.GDI.TOTL.ZS;..;..;..;..;40,2630746;38,05897405;36,46175504;35,04175754;34,46826294;42,87553849;31,50268917;29,57764068;26,16851341;28,80544355;25,01575026;24,21718009;21,59751697;20,7180563;18,76641497;18,61063359;19,84713113;16,66174985;19,48248747;22,69394399;22,52871756;25,08803069;25,25283342;27,57254464;28,32655469;26,80129571;24,30384311
Yemen, Rep.;YEM;Gross capital formation (% of GDP);NE.GDI.TOTL.ZS;..;..;..;..;..;..;..;..;..;..;..;..;..;..;..;..;..;..;..;..;11,6610831;5,500526478;8,704305834;8,105786025;6,698261787;1,656342449;1,429257844;2,072295219;6,17671942;..;..
Zambia;ZMB;Gross capital formation (% of GDP);NE.GDI.TOTL.ZS;..;..;..;..;..;..;..;..;..;..;..;..;..;..;..;..;..;..;..;..;29,87400569;32,88921125;31,51795105;33,80298868;34,06926419;42,80511645;38,20623291;41,00182086;38,5885583;39,26190865;32,24485098
Zimbabwe;ZWE;Gross capital formation (% of GDP);NE.GDI.TOTL.ZS;17,37694276;19,10421004;20,23686158;22,77589554;23,72991986;19,65917077;18,54221443;18,13334896;20,74860466;14,39554033;13,56964106;10,2680382;4,999803002;8,001047029;4,510630972;1,523900491;1,569743425;7,110817319;5,126754187;12,74720161;18,76283953;17,39846906;9,856337781;9,209062471;9,639588834;10,03592305;9,861741065;14,70224318;14,14844434;11,56162926;11,21392438
;;;;;;;;;;;;;;;;;;;;;;;;;;;;;;;;;;
;;;;;;;;;;;;;;;;;;;;;;;;;;;;;;;;;;
;;;;;;;;;;;;;;;;;;;;;;;;;;;;;;;;;;
Data from database: World Development Indicators;;;;;;;;;;;;;;;;;;;;;;;;;;;;;;;;;;
Last Updated: 04/08/2026;;;;;;;;;;;;;;;;;;;;;;;;;;;;;;;;;;
