Country Name;Country Code;Series Name;Series Code;1990
Afghanistan;AFG;GDP per capita (constant 2015 US$);NY.GDP.PCAP.KD;..
Albania;ALB;GDP per capita (constant 2015 US$);NY.GDP.PCAP.KD;1682,881087
Algeria;DZA;GDP per capita (constant 2015 US$);NY.GDP.PCAP.KD;3605,687012
American Samoa;ASM;GDP per capita (constant 2015 US$);NY.GDP.PCAP.KD;..
Andorra;AND;GDP per capita (constant 2015 US$);NY.GDP.PCAP.KD;31143,1615
Angola;AGO;GDP per capita (constant 2015 US$);NY.GDP.PCAP.KD;2675,052394
Antigua and Barbuda;ATG;GDP per capita (constant 2015 US$);NY.GDP.PCAP.KD;13166,52412
Argentina;ARG;GDP per capita (constant 2015 US$);NY.GDP.PCAP.KD;8115,093864
Armenia;ARM;GDP per capita (constant 2015 US$);NY.GDP.PCAP.KD;1644,022145
Aruba;ABW;GDP per capita (constant 2015 US$);NY.GDP.PCAP.KD;24763,65381
Australia;AUS;GDP per capita (constant 2015 US$);NY.GDP.PCAP.KD;36975,4199
Austria;AUT;GDP per capita (constant 2015 US$);NY.GDP.PCAP.KD;31167,1858
Azerbaijan;AZE;GDP per capita (constant 2015 US$);NY.GDP.PCAP.KD;2866,410607
Bahamas, The;BHS;GDP per capita (constant 2015 US$);NY.GDP.PCAP.KD;30995,48307
Bahrain;BHR;GDP per capita (constant 2015 US$);NY.GDP.PCAP.KD;18345,838
Bangladesh;BGD;GDP per capita (constant 2015 US$);NY.GDP.PCAP.KD;473,444821
Barbados;BRB;GDP per capita (constant 2015 US$);NY.GDP.PCAP.KD;19382,86872
Belarus;BLR;GDP per capita (constant 2015 US$);NY.GDP.PCAP.KD;2888,812966
Belgium;BEL;GDP per capita (constant 2015 US$);NY.GDP.PCAP.KD;29609,62075
Belize;BLZ;GDP per capita (constant 2015 US$);NY.GDP.PCAP.KD;4112,595175
Benin;BEN;GDP per capita (constant 2015 US$);NY.GDP.PCAP.KD;749,4596666
Bermuda;BMU;GDP per capita (constant 2015 US$);NY.GDP.PCAP.KD;89089,73464
Bhutan;BTN;GDP per capita (constant 2015 US$);NY.GDP.PCAP.KD;812,6713256
Bolivia;BOL;GDP per capita (constant 2015 US$);NY.GDP.PCAP.KD;1679,408479
Bosnia and Herzegovina;BIH;GDP per capita (constant 2015 US$);NY.GDP.PCAP.KD;791,4439704
Botswana;BWA;GDP per capita (constant 2015 US$);NY.GDP.PCAP.KD;4039,465445
Brazil;BRA;GDP per capita (constant 2015 US$);NY.GDP.PCAP.KD;6149,867182
British Virgin Islands;VGB;GDP per capita (constant 2015 US$);NY.GDP.PCAP.KD;..
Brunei Darussalam;BRN;GDP per capita (constant 2015 US$);NY.GDP.PCAP.KD;44179,82787
Bulgaria;BGR;GDP per capita (constant 2015 US$);NY.GDP.PCAP.KD;4425,499683
Burkina Faso;BFA;GDP per capita (constant 2015 US$);NY.GDP.PCAP.KD;332,1532767
Burundi;BDI;GDP per capita (constant 2015 US$);NY.GDP.PCAP.KD;373,2452417
Cabo Verde;CPV;GDP per capita (constant 2015 US$);NY.GDP.PCAP.KD;835,1207232
Cambodia;KHM;GDP per capita (constant 2015 US$);NY.GDP.PCAP.KD;824,0516558
Cameroon;CMR;GDP per capita (constant 2015 US$);NY.GDP.PCAP.KD;1360,477653
Canada;CAN;GDP per capita (constant 2015 US$);NY.GDP.PCAP.KD;31700,54626
Cayman Islands;CYM;GDP per capita (constant 2015 US$);NY.GDP.PCAP.KD;..
Central African Republic;CAF;GDP per capita (constant 2015 US$);NY.GDP.PCAP.KD;519,786736
Chad;TCD;GDP per capita (constant 2015 US$);NY.GDP.PCAP.KD;602,6706858
Channel Islands;CHI;GDP per capita (constant 2015 US$);NY.GDP.PCAP.KD;..
Chile;CHL;GDP per capita (constant 2015 US$);NY.GDP.PCAP.KD;5290,536948
China;CHN;GDP per capita (constant 2015 US$);NY.GDP.PCAP.KD;917,2706618
Colombia;COL;GDP per capita (constant 2015 US$);NY.GDP.PCAP.KD;3714,184993
Comoros;COM;GDP per capita (constant 2015 US$);NY.GDP.PCAP.KD;1253,761963
Congo, Dem. Rep.;COD;GDP per capita (constant 2015 US$);NY.GDP.PCAP.KD;831,6629474
Congo, Rep.;COG;GDP per capita (constant 2015 US$);NY.GDP.PCAP.KD;2363,767018
Costa Rica;CRI;GDP per capita (constant 2015 US$);NY.GDP.PCAP.KD;6037,051117
Cote d'Ivoire;CIV;GDP per capita (constant 2015 US$);NY.GDP.PCAP.KD;1866,07857
Croatia;HRV;GDP per capita (constant 2015 US$);NY.GDP.PCAP.KD;9754,649025
Cuba;CUB;GDP per capita (constant 2015 US$);NY.GDP.PCAP.KD;4961,457389
Curacao;CUW;GDP per capita (constant 2015 US$);NY.GDP.PCAP.KD;..
Cyprus;CYP;GDP per capita (constant 2015 US$);NY.GDP.PCAP.KD;17144,46875
Czechia;CZE;GDP per capita (constant 2015 US$);NY.GDP.PCAP.KD;11900,58446
Denmark;DNK;GDP per capita (constant 2015 US$);NY.GDP.PCAP.KD;39306,79392
Djibouti;DJI;GDP per capita (constant 2015 US$);NY.GDP.PCAP.KD;..
Dominica;DMA;GDP per capita (constant 2015 US$);NY.GDP.PCAP.KD;5536,879017
Dominican Republic;DOM;GDP per capita (constant 2015 US$);NY.GDP.PCAP.KD;2772,770656
Ecuador;ECU;GDP per capita (constant 2015 US$);NY.GDP.PCAP.KD;3919,717581
Egypt, Arab Rep.;EGY;GDP per capita (constant 2015 US$);NY.GDP.PCAP.KD;1972,137893
El Salvador;SLV;GDP per capita (constant 2015 US$);NY.GDP.PCAP.KD;2348,204602
Equatorial Guinea;GNQ;GDP per capita (constant 2015 US$);NY.GDP.PCAP.KD;366,3144047
Eritrea;ERI;GDP per capita (constant 2015 US$);NY.GDP.PCAP.KD;..
Estonia;EST;GDP per capita (constant 2015 US$);NY.GDP.PCAP.KD;9341,225615
Eswatini;SWZ;GDP per capita (constant 2015 US$);NY.GDP.PCAP.KD;2027,974819
Ethiopia;ETH;GDP per capita (constant 2015 US$);NY.GDP.PCAP.KD;267,0781345
Faroe Islands;FRO;GDP per capita (constant 2015 US$);NY.GDP.PCAP.KD;..
Fiji;FJI;GDP per capita (constant 2015 US$);NY.GDP.PCAP.KD;3414,950532
Finland;FIN;GDP per capita (constant 2015 US$);NY.GDP.PCAP.KD;31291,52226
France;FRA;GDP per capita (constant 2015 US$);NY.GDP.PCAP.KD;27992,97515
French Polynesia;PYF;GDP per capita (constant 2015 US$);NY.GDP.PCAP.KD;25307,70455
Gabon;GAB;GDP per capita (constant 2015 US$);NY.GDP.PCAP.KD;8354,26309
Gambia, The;GMB;GDP per capita (constant 2015 US$);NY.GDP.PCAP.KD;658,7111653
Georgia;GEO;GDP per capita (constant 2015 US$);NY.GDP.PCAP.KD;3534,032277
Germany;DEU;GDP per capita (constant 2015 US$);NY.GDP.PCAP.KD;29763,31247
Ghana;GHA;GDP per capita (constant 2015 US$);NY.GDP.PCAP.KD;855,8525071
Gibraltar;GIB;GDP per capita (constant 2015 US$);NY.GDP.PCAP.KD;..
Greece;GRC;GDP per capita (constant 2015 US$);NY.GDP.PCAP.KD;15438,7937
Greenland;GRL;GDP per capita (constant 2015 US$);NY.GDP.PCAP.KD;26805,5497
Grenada;GRD;GDP per capita (constant 2015 US$);NY.GDP.PCAP.KD;5102,69173
Guam;GUM;GDP per capita (constant 2015 US$);NY.GDP.PCAP.KD;..
Guatemala;GTM;GDP per capita (constant 2015 US$);NY.GDP.PCAP.KD;2741,538134
Guinea;GIN;GDP per capita (constant 2015 US$);NY.GDP.PCAP.KD;548,3715348
Guinea-Bissau;GNB;GDP per capita (constant 2015 US$);NY.GDP.PCAP.KD;569,1696704
Guyana;GUY;GDP per capita (constant 2015 US$);NY.GDP.PCAP.KD;2377,217954
Haiti;HTI;GDP per capita (constant 2015 US$);NY.GDP.PCAP.KD;1627,312645
Honduras;HND;GDP per capita (constant 2015 US$);NY.GDP.PCAP.KD;457,9810401
Hong Kong SAR, China;HKG;GDP per capita (constant 2015 US$);NY.GDP.PCAP.KD;21357,26195
Hungary;HUN;GDP per capita (constant 2015 US$);NY.GDP.PCAP.KD;8646,447544
Iceland;ISL;GDP per capita (constant 2015 US$);NY.GDP.PCAP.KD;37302,80603
India;IND;GDP per capita (constant 2015 US$);NY.GDP.PCAP.KD;537,8702695
Indonesia;IDN;GDP per capita (constant 2015 US$);NY.GDP.PCAP.KD;1470,918223
Iran, Islamic Rep.;IRN;GDP per capita (constant 2015 US$);NY.GDP.PCAP.KD;3222,201027
Iraq;IRQ;GDP per capita (constant 2015 US$);NY.GDP.PCAP.KD;3526,579251
Ireland;IRL;GDP per capita (constant 2015 US$);NY.GDP.PCAP.KD;23456,99936
Isle of Man;IMN;GDP per capita (constant 2015 US$);NY.GDP.PCAP.KD;28042,44412
Israel;ISR;GDP per capita (constant 2015 US$);NY.GDP.PCAP.KD;22395,11188
Italy;ITA;GDP per capita (constant 2015 US$);NY.GDP.PCAP.KD;27625,17923
Jamaica;JAM;GDP per capita (constant 2015 US$);NY.GDP.PCAP.KD;4773,628482
Japan;JPN;GDP per capita (constant 2015 US$);NY.GDP.PCAP.KD;28422,21312
Jordan;JOR;GDP per capita (constant 2015 US$);NY.GDP.PCAP.KD;3202,33686
Kazakhstan;KAZ;GDP per capita (constant 2015 US$);NY.GDP.PCAP.KD;5557,082157
Kenya;KEN;GDP per capita (constant 2015 US$);NY.GDP.PCAP.KD;1329,333128
Kiribati;KIR;GDP per capita (constant 2015 US$);NY.GDP.PCAP.KD;1387,652921
Korea, Dem. People's Rep.;PRK;GDP per capita (constant 2015 US$);NY.GDP.PCAP.KD;..
Korea, Rep.;KOR;GDP per capita (constant 2015 US$);NY.GDP.PCAP.KD;9672,578452
Kosovo;XKX;GDP per capita (constant 2015 US$);NY.GDP.PCAP.KD;..
Kuwait;KWT;GDP per capita (constant 2015 US$);NY.GDP.PCAP.KD;20140,78347
Kyrgyz Republic;KGZ;GDP per capita (constant 2015 US$);NY.GDP.PCAP.KD;1203,472083
Lao PDR;LAO;GDP per capita (constant 2015 US$);NY.GDP.PCAP.KD;634,525297
Latvia;LVA;GDP per capita (constant 2015 US$);NY.GDP.PCAP.KD;7622,698259
Lebanon;LBN;GDP per capita (constant 2015 US$);NY.GDP.PCAP.KD;2752,724423
Lesotho;LSO;GDP per capita (constant 2015 US$);NY.GDP.PCAP.KD;533,8249642
Liberia;LBR;GDP per capita (constant 2015 US$);NY.GDP.PCAP.KD;754,1340095
Libya;LBY;GDP per capita (constant 2015 US$);NY.GDP.PCAP.KD;11085,94399
Liechtenstein;LIE;GDP per capita (constant 2015 US$);NY.GDP.PCAP.KD;..
Lithuania;LTU;GDP per capita (constant 2015 US$);NY.GDP.PCAP.KD;8333,350707
Luxembourg;LUX;GDP per capita (constant 2015 US$);NY.GDP.PCAP.KD;66027,07501
Macao SAR, China;MAC;GDP per capita (constant 2015 US$);NY.GDP.PCAP.KD;31378,83042
Madagascar;MDG;GDP per capita (constant 2015 US$);NY.GDP.PCAP.KD;538,5362751
Malawi;MWI;GDP per capita (constant 2015 US$);NY.GDP.PCAP.KD;353,7713037
Malaysia;MYS;GDP per capita (constant 2015 US$);NY.GDP.PCAP.KD;4184,760729
Maldives;MDV;GDP per capita (constant 2015 US$);NY.GDP.PCAP.KD;4582,261279
Mali;MLI;GDP per capita (constant 2015 US$);NY.GDP.PCAP.KD;589,7754059
Malta;MLT;GDP per capita (constant 2015 US$);NY.GDP.PCAP.KD;10067,75201
Marshall Islands;MHL;GDP per capita (constant 2015 US$);NY.GDP.PCAP.KD;3148,099778
Mauritania;MRT;GDP per capita (constant 2015 US$);NY.GDP.PCAP.KD;1437,750482
Mauritius;MUS;GDP per capita (constant 2015 US$);NY.GDP.PCAP.KD;3859,644415
Mexico;MEX;GDP per capita (constant 2015 US$);NY.GDP.PCAP.KD;8036,861144
Micronesia, Fed. Sts.;FSM;GDP per capita (constant 2015 US$);NY.GDP.PCAP.KD;2384,944582
Moldova;MDA;GDP per capita (constant 2015 US$);NY.GDP.PCAP.KD;3740,101498
Monaco;MCO;GDP per capita (constant 2015 US$);NY.GDP.PCAP.KD;105878,3728
Mongolia;MNG;GDP per capita (constant 2015 US$);NY.GDP.PCAP.KD;1823,456238
Montenegro;MNE;GDP per capita (constant 2015 US$);NY.GDP.PCAP.KD;..
Morocco;MAR;GDP per capita (constant 2015 US$);NY.GDP.PCAP.KD;1695,636475
Mozambique;MOZ;GDP per capita (constant 2015 US$);NY.GDP.PCAP.KD;221,0489811
Myanmar;MMR;GDP per capita (constant 2015 US$);NY.GDP.PCAP.KD;170,2334367
Namibia;NAM;GDP per capita (constant 2015 US$);NY.GDP.PCAP.KD;2857,337775
Nauru;NRU;GDP per capita (constant 2015 US$);NY.GDP.PCAP.KD;20706,6309
Nepal;NPL;GDP per capita (constant 2015 US$);NY.GDP.PCAP.KD;422,7247386
Netherlands;NLD;GDP per capita (constant 2015 US$);NY.GDP.PCAP.KD;31308,91342
New Caledonia;NCL;GDP per capita (constant 2015 US$);NY.GDP.PCAP.KD;..
New Zealand;NZL;GDP per capita (constant 2015 US$);NY.GDP.PCAP.KD;26395,6956
Nicaragua;NIC;GDP per capita (constant 2015 US$);NY.GDP.PCAP.KD;1260,873828
Niger;NER;GDP per capita (constant 2015 US$);NY.GDP.PCAP.KD;465,9238895
Nigeria;NGA;GDP per capita (constant 2015 US$);NY.GDP.PCAP.KD;1577,196166
North Macedonia;MKD;GDP per capita (constant 2015 US$);NY.GDP.PCAP.KD;3534,322651
Northern Mariana Islands;MNP;GDP per capita (constant 2015 US$);NY.GDP.PCAP.KD;..
Norway;NOR;GDP per capita (constant 2015 US$);NY.GDP.PCAP.KD;49937,45576
Oman;OMN;GDP per capita (constant 2015 US$);NY.GDP.PCAP.KD;16629,45566
Pakistan;PAK;GDP per capita (constant 2015 US$);NY.GDP.PCAP.KD;950,8846448
Palau;PLW;GDP per capita (constant 2015 US$);NY.GDP.PCAP.KD;14267,20303
Panama;PAN;GDP per capita (constant 2015 US$);NY.GDP.PCAP.KD;4828,758777
Papua New Guinea;PNG;GDP per capita (constant 2015 US$);NY.GDP.PCAP.KD;1892,306793
Paraguay;PRY;GDP per capita (constant 2015 US$);NY.GDP.PCAP.KD;4059,773431
Peru;PER;GDP per capita (constant 2015 US$);NY.GDP.PCAP.KD;2706,922532
Philippines;PHL;GDP per capita (constant 2015 US$);NY.GDP.PCAP.KD;1704,075689
Poland;POL;GDP per capita (constant 2015 US$);NY.GDP.PCAP.KD;5111,34533
Portugal;PRT;GDP per capita (constant 2015 US$);NY.GDP.PCAP.KD;14593,27061
Puerto Rico (US);PRI;GDP per capita (constant 2015 US$);NY.GDP.PCAP.KD;18733,64525
Qatar;QAT;GDP per capita (constant 2015 US$);NY.GDP.PCAP.KD;40125,3967
Romania;ROU;GDP per capita (constant 2015 US$);NY.GDP.PCAP.KD;5019,437027
Russian Federation;RUS;GDP per capita (constant 2015 US$);NY.GDP.PCAP.KD;7849,519043
Rwanda;RWA;GDP per capita (constant 2015 US$);NY.GDP.PCAP.KD;368,2196024
Samoa;WSM;GDP per capita (constant 2015 US$);NY.GDP.PCAP.KD;2534,122049
San Marino;SMR;GDP per capita (constant 2015 US$);NY.GDP.PCAP.KD;..
Sao Tome and Principe;STP;GDP per capita (constant 2015 US$);NY.GDP.PCAP.KD;967,4908075
Saudi Arabia;SAU;GDP per capita (constant 2015 US$);NY.GDP.PCAP.KD;25918,96508
Senegal;SEN;GDP per capita (constant 2015 US$);NY.GDP.PCAP.KD;990,7775226
Serbia;SRB;GDP per capita (constant 2015 US$);NY.GDP.PCAP.KD;..
Seychelles;SYC;GDP per capita (constant 2015 US$);NY.GDP.PCAP.KD;8779,852313
Sierra Leone;SLE;GDP per capita (constant 2015 US$);NY.GDP.PCAP.KD;992,2593519
Singapore;SGP;GDP per capita (constant 2015 US$);NY.GDP.PCAP.KD;23272,70009
Sint Maarten (Dutch part);SXM;GDP per capita (constant 2015 US$);NY.GDP.PCAP.KD;..
Slovak Republic;SVK;GDP per capita (constant 2015 US$);NY.GDP.PCAP.KD;8597,463915
Slovenia;SVN;GDP per capita (constant 2015 US$);NY.GDP.PCAP.KD;13615,58586
Solomon Islands;SLB;GDP per capita (constant 2015 US$);NY.GDP.PCAP.KD;1805,732068
Somalia, Fed. Rep.;SOM;GDP per capita (constant 2015 US$);NY.GDP.PCAP.KD;259,4000219
South Africa;ZAF;GDP per capita (constant 2015 US$);NY.GDP.PCAP.KD;4544,230232
South Sudan;SSD;GDP per capita (constant 2015 US$);NY.GDP.PCAP.KD;..
Spain;ESP;GDP per capita (constant 2015 US$);NY.GDP.PCAP.KD;19174,77083
Sri Lanka;LKA;GDP per capita (constant 2015 US$);NY.GDP.PCAP.KD;1388,589518
St. Kitts and Nevis;KNA;GDP per capita (constant 2015 US$);NY.GDP.PCAP.KD;10136,98655
St. Lucia;LCA;GDP per capita (constant 2015 US$);NY.GDP.PCAP.KD;8418,43122
St. Martin (French part);MAF;GDP per capita (constant 2015 US$);NY.GDP.PCAP.KD;..
St. Vincent and the Grenadines;VCT;GDP per capita (constant 2015 US$);NY.GDP.PCAP.KD;3784,799429
Sudan;SDN;GDP per capita (constant 2015 US$);NY.GDP.PCAP.KD;764,4504395
Suriname;SUR;GDP per capita (constant 2015 US$);NY.GDP.PCAP.KD;6474,955712
Sweden;SWE;GDP per capita (constant 2015 US$);NY.GDP.PCAP.KD;34903,34804
Switzerland;CHE;GDP per capita (constant 2015 US$);NY.GDP.PCAP.KD;70063,85171
Syrian Arab Republic;SYR;GDP per capita (constant 2015 US$);NY.GDP.PCAP.KD;931,8850684
Tajikistan;TJK;GDP per capita (constant 2015 US$);NY.GDP.PCAP.KD;1312,947013
Tanzania;TZA;GDP per capita (constant 2015 US$);NY.GDP.PCAP.KD;541,5447998
Thailand;THA;GDP per capita (constant 2015 US$);NY.GDP.PCAP.KD;2631,519711
Timor-Leste;TLS;GDP per capita (constant 2015 US$);NY.GDP.PCAP.KD;633,1824866
Togo;TGO;GDP per capita (constant 2015 US$);NY.GDP.PCAP.KD;703,623952
Tonga;TON;GDP per capita (constant 2015 US$);NY.GDP.PCAP.KD;2987,636814
Trinidad and Tobago;TTO;GDP per capita (constant 2015 US$);NY.GDP.PCAP.KD;6058,215216
Tunisia;TUN;GDP per capita (constant 2015 US$);NY.GDP.PCAP.KD;2114,470345
Turkiye;TUR;GDP per capita (constant 2015 US$);NY.GDP.PCAP.KD;5188,182444
Turkmenistan;TKM;GDP per capita (constant 2015 US$);NY.GDP.PCAP.KD;3495,748389
Turks and Caicos Islands;TCA;GDP per capita (constant 2015 US$);NY.GDP.PCAP.KD;..
Tuvalu;TUV;GDP per capita (constant 2015 US$);NY.GDP.PCAP.KD;2450,79726
Uganda;UGA;GDP per capita (constant 2015 US$);NY.GDP.PCAP.KD;369,839287
Ukraine;UKR;GDP per capita (constant 2015 US$);NY.GDP.PCAP.KD;3102,310547
United Arab Emirates;ARE;GDP per capita (constant 2015 US$);NY.GDP.PCAP.KD;66481,61376
United Kingdom;GBR;GDP per capita (constant 2015 US$);NY.GDP.PCAP.KD;30071,20856
United States;USA;GDP per capita (constant 2015 US$);NY.GDP.PCAP.KD;39009,37251
Uruguay;URY;GDP per capita (constant 2015 US$);NY.GDP.PCAP.KD;8320,355905
Uzbekistan;UZB;GDP per capita (constant 2015 US$);NY.GDP.PCAP.KD;1569,0108
Vanuatu;VUT;GDP per capita (constant 2015 US$);NY.GDP.PCAP.KD;2637,260848
Venezuela, RB;VEN;GDP per capita (constant 2015 US$);NY.GDP.PCAP.KD;3762,275068
Viet Nam;VNM;GDP per capita (constant 2015 US$);NY.GDP.PCAP.KD;687,8603163
Virgin Islands (U.S.);VIR;GDP per capita (constant 2015 US$);NY.GDP.PCAP.KD;..
West Bank and Gaza;PSE;GDP per capita (constant 2015 US$);NY.GDP.PCAP.KD;..
Yemen, Rep.;YEM;GDP per capita (constant 2015 US$);NY.GDP.PCAP.KD;1722,224394
Zambia;ZMB;GDP per capita (constant 2015 US$);NY.GDP.PCAP.KD;878,589206
Zimbabwe;ZWE;GDP per capita (constant 2015 US$);NY.GDP.PCAP.KD;1653,565214
;;;;
;;;;
;;;;
Data from database: World Development Indicators;;;;
Last Updated: 04/08/2026;;;;
